symbol,date,open,high,low,close,volume
HDB,2018-01-05,7440,7560,6960,7560,32205910
HDB,2018-01-08,7630,7630,7560,7570,3321420
HDB,2018-01-09,7570,7590,7420,7590,4537340
HDB,2018-01-10,7480,7700,7460,7700,8726070
HDB,2018-01-11,7710,8109,7700,8109,9874500
HDB,2018-01-12,8670,8670,8130,8670,18714750
HDB,2018-01-15,8690,8720,8390,8690,6559820
HDB,2018-01-16,8570,8620,8490,8570,6271100
HDB,2018-01-17,8150,8570,8150,8150,5794700
HDB,2018-01-18,8130,8390,7960,8390,5371340
HDB,2018-01-19,8500,8800,8500,8620,6728810
HDB,2018-01-22,8540,8670,8460,8650,4402360
HDB,2018-01-25,8690,9210,8580,9120,10284390
HDB,2018-01-26,9120,9180,8840,8980,5637470
HDB,2018-01-29,8990,9080,8840,8980,6592140
HDB,2018-01-30,8980,8980,8720,8980,6121930
HDB,2018-01-31,8950,8950,8780,8890,5581950
HDB,2018-02-01,8890,8910,8740,8780,3428660
HDB,2018-02-02,8780,8780,8650,8780,4567580
HDB,2018-02-05,8620,8700,8170,8200,3353170
HDB,2018-02-06,7630,7880,7630,7830,3906020
HDB,2018-02-07,8090,8370,8070,8370,4238270
HDB,2018-02-08,8370,8750,8300,8570,4667920
HDB,2018-02-09,8360,8540,8029,8500,3454800
HDB,2018-02-12,8540,8980,8520,8880,3436010
HDB,2018-02-13,8960,8960,8690,8890,5066980
HDB,2018-02-21,8950,8990,8690,8910,3263200
HDB,2018-02-22,8820,8820,8580,8580,2243860
HDB,2018-02-23,8580,8880,8460,8500,2175420
HDB,2018-02-26,8500,8780,8340,8390,2378080
HDB,2018-02-27,8500,8500,8170,8500,1579540
HDB,2018-02-28,8390,8500,8200,8470,2241390
HDB,2018-03-01,8270,8390,8240,8380,2739770
HDB,2018-03-02,8300,8300,8240,8300,1808640
HDB,2018-03-05,8320,8340,8189,8200,2578830
HDB,2018-03-06,8200,8300,8170,8240,2479350
HDB,2018-03-07,8240,8380,8050,8109,1357460
HDB,2018-03-08,8200,8300,7980,8109,2182740
HDB,2018-03-09,8029,8290,8000,8109,1018640
HDB,2018-03-12,8109,8189,8050,8109,1427550
HDB,2018-03-13,8109,8109,8029,8070,1687940
HDB,2018-03-14,8109,8450,8090,8390,5974370
HDB,2018-03-15,8390,8500,8390,8500,4347760
HDB,2018-03-16,8540,8540,8500,8540,2863300
HDB,2018-03-19,8540,8660,8460,8620,4333110
HDB,2018-03-20,8560,8570,8390,8390,2666350
HDB,2018-03-21,8390,8440,8230,8300,2119630
HDB,2018-03-22,8300,8390,8109,8109,2881270
HDB,2018-03-23,8010,8050,7800,8010,2122680
HDB,2018-03-26,7840,8340,7840,8340,3490240
HDB,2018-03-27,8340,8570,8340,8540,4513810
HDB,2018-03-28,8500,8670,8490,8670,3904720
HDB,2018-03-29,8690,8840,8670,8780,3603320
HDB,2018-03-30,8780,8780,8580,8770,2358520
HDB,2018-04-02,8780,8800,8690,8700,2317540
HDB,2018-04-03,8670,8740,8610,8700,2115830
HDB,2018-04-04,8770,8890,8700,8880,5350390
HDB,2018-04-05,8880,8930,8820,8870,2804190
HDB,2018-04-06,8870,8880,8800,8870,2975100
HDB,2018-04-09,8880,9290,8840,9290,7770500
HDB,2018-04-10,9350,9650,9350,9650,9215650
HDB,2018-04-11,9650,9690,9380,9570,5630290
HDB,2018-04-12,9450,9520,9350,9370,2705590
HDB,2018-04-13,9450,9570,9370,9540,3033930
HDB,2018-04-16,9540,9780,9380,9730,2836140
HDB,2018-04-17,9820,9870,9650,9690,1678660
HDB,2018-04-18,9720,10000,9650,9890,4624790
HDB,2018-04-19,9900,9900,9350,9380,3452260
HDB,2018-04-20,9350,9570,9290,9570,1802740
HDB,2018-04-23,9450,9480,8890,8890,3902200
HDB,2018-04-24,8780,8850,8270,8580,3013200
HDB,2018-04-26,8580,8690,8000,8050,3073110
HDB,2018-04-27,8010,8210,7980,8170,1706640
HDB,2018-05-02,8189,8189,7830,8010,1017430
HDB,2018-05-03,7920,8300,7840,8300,2085150
HDB,2018-05-04,8390,8390,8170,8200,646170
HDB,2018-05-07,8300,8390,8109,8300,1601930
HDB,2018-05-08,8300,8300,8189,8240,1157790
HDB,2018-05-09,8200,8230,8010,8189,525060
HDB,2018-05-10,8189,8189,7630,7630,961790
HDB,2018-05-11,7630,7900,7460,7900,819170
HDB,2018-05-14,7920,8010,7700,7730,550760
HDB,2018-05-15,7800,7880,7700,7800,1347990
HDB,2018-05-16,7800,7800,7590,7660,999600
HDB,2018-05-17,7730,7790,7670,7730,701400
HDB,2018-05-18,7800,7910,7670,7730,1552940
HDB,2018-05-21,7830,7880,7730,7840,1746750
HDB,2018-05-22,7670,7750,7300,7440,1406120
HDB,2018-05-23,7440,7490,7020,7190,959240
HDB,2018-05-24,7260,7300,6700,6780,2368050
HDB,2018-05-25,6780,6800,6550,6720,2692400
HDB,2018-05-28,6690,6690,6260,6260,2696050
HDB,2018-05-29,6480,6690,6380,6690,3943980
HDB,2018-05-30,6870,7140,6650,7000,4462960
HDB,2018-05-31,6910,7460,6910,7440,1875240
HDB,2018-06-01,7540,7950,7400,7860,2692760
HDB,2018-06-04,7840,8200,7750,8200,2343110
HDB,2018-06-05,8200,8390,8150,8240,2204580
HDB,2018-06-06,8240,8300,8170,8240,1099960
HDB,2018-06-07,8230,8540,8189,8500,1512020
HDB,2018-06-08,8500,8520,8240,8290,863640
HDB,2018-06-11,8109,8170,8000,8000,1676050
HDB,2018-06-12,7920,7920,7440,7800,2322470
HDB,2018-06-13,7800,8010,7800,7830,377960
HDB,2018-06-14,7920,7920,7480,7480,348610
HDB,2018-06-15,7480,7560,7290,7460,1092080
HDB,2018-06-18,7340,7540,6950,7020,1403380
HDB,2018-06-19,6610,7140,6610,7020,3075220
HDB,2018-06-20,6550,7300,6550,7190,932640
HDB,2018-06-21,7220,7280,7120,7220,406740
HDB,2018-06-22,7220,7390,7120,7390,1144370
HDB,2018-06-25,7460,7460,7360,7380,299190
HDB,2018-06-26,7120,7290,7120,7280,427490
HDB,2018-06-27,7280,7390,7160,7160,336910
HDB,2018-06-28,7100,7140,6820,6840,757470
HDB,2018-06-29,6990,7150,6890,7150,1234320
HDB,2018-07-02,7150,7190,6900,7160,862020
HDB,2018-07-03,7190,7220,6800,6860,2350580
HDB,2018-07-04,6720,6900,6650,6790,1296750
HDB,2018-07-05,6860,6900,6430,6490,1595010
HDB,2018-07-06,6490,6920,6250,6920,3135130
HDB,2018-07-09,6950,7040,6900,6960,1255590
HDB,2018-07-10,6920,7130,6900,6950,598240
HDB,2018-07-11,6820,6840,6460,6490,1553920
HDB,2018-07-12,6490,6630,6430,6520,1495050
HDB,2018-07-13,6520,6650,6520,6620,1692220
HDB,2018-07-16,6650,6680,6580,6640,1286340
HDB,2018-07-17,6640,6640,6490,6640,1614890
HDB,2018-07-18,6650,7030,6650,6970,2167560
HDB,2018-07-19,6990,7140,6950,6950,1856420
HDB,2018-07-20,6920,7000,6720,7000,1708540
HDB,2018-07-23,6920,7030,6890,6960,1336380
HDB,2018-07-24,6920,6960,6720,6720,1170400
HDB,2018-07-25,6720,6840,6590,6630,951530
HDB,2018-07-26,6630,6640,6430,6490,1232550
HDB,2018-07-27,6650,6650,6520,6610,804460
HDB,2018-07-30,6790,6960,6750,6960,846700
HDB,2018-07-31,6960,7100,6800,7040,1501400
HDB,2018-08-01,7060,7140,7040,7070,2113740
HDB,2018-08-02,7070,7070,6890,6960,1148030
HDB,2018-08-03,6970,7120,6950,7100,2661080
HDB,2018-08-06,7100,7120,7020,7100,1511810
HDB,2018-08-07,7100,7260,7060,7160,2250840
HDB,2018-08-08,7180,7260,7120,7220,1205980
HDB,2018-08-09,7240,7320,7190,7190,1752060
HDB,2018-08-10,7190,7340,7160,7340,2193310
HDB,2018-08-13,7340,7390,7280,7390,1514640
HDB,2018-08-14,7350,7420,7190,7390,1311490
HDB,2018-08-15,7390,7480,7190,7220,1012930
HDB,2018-08-16,7120,7320,7060,7260,1176710
HDB,2018-08-17,7260,7300,7100,7100,937170
HDB,2018-08-20,7100,7110,6840,6920,1385060
HDB,2018-08-21,6920,7020,6900,7020,1140970
HDB,2018-08-22,7030,7160,7020,7120,1105020
HDB,2018-08-23,7120,7160,7090,7100,1091800
HDB,2018-08-24,7100,7130,7060,7120,1640170
HDB,2018-08-27,7130,7150,7100,7120,904340
HDB,2018-08-28,7120,7150,7110,7130,1050000
HDB,2018-08-29,7140,7360,7120,7360,2510990
HDB,2018-08-30,7360,7570,7340,7560,2950700
HDB,2018-08-31,7560,7570,7480,7550,1595260
HDB,2018-09-04,7520,7520,7380,7390,1424210
HDB,2018-09-05,7390,7420,7220,7320,1248240
HDB,2018-09-06,7320,7340,7190,7220,822860
HDB,2018-09-07,7220,7290,7190,7260,1175460
HDB,2018-09-10,7260,7360,7260,7320,935940
HDB,2018-09-11,7350,7390,7300,7340,1228580
HDB,2018-09-12,7350,7420,7330,7340,956470
HDB,2018-09-13,7350,7650,7350,7630,3510820
HDB,2018-09-14,7630,7700,7590,7630,1760330
HDB,2018-09-17,7630,7660,7570,7590,1118330
HDB,2018-09-18,7520,7570,7460,7570,1235490
HDB,2018-09-19,7570,7630,7570,7610,1400510
HDB,2018-09-20,7610,7690,7570,7690,1453330
HDB,2018-09-21,7700,7700,7560,7690,1531720
HDB,2018-09-24,7690,7770,7690,7720,1568970
HDB,2018-09-25,7720,7730,7670,7700,1583720
HDB,2018-09-26,7700,7700,7570,7630,1776240
HDB,2018-09-27,7630,7690,7600,7630,1612480
HDB,2018-09-28,7630,7700,7610,7690,1933300
HDB,2018-10-01,7690,7870,7690,7800,2572230
HDB,2018-10-02,7800,7810,7730,7760,1651980
HDB,2018-10-03,7760,7810,7730,7800,1658100
HDB,2018-10-04,7810,7840,7550,7670,2438910
HDB,2018-10-05,7670,7690,7520,7520,1302170
HDB,2018-10-08,7430,7520,7320,7480,1623300
HDB,2018-10-09,7480,7520,7420,7460,1567140
HDB,2018-10-10,7460,7490,7420,7480,1622700
HDB,2018-10-11,7320,7320,6990,7140,1148170
HDB,2018-10-12,7090,7260,7040,7220,1451810
HDB,2018-10-15,7220,7220,6890,7020,1388600
HDB,2018-10-16,7020,7320,6950,7320,1748130
HDB,2018-10-17,7320,7390,7320,7350,1543500
HDB,2018-10-18,7350,7350,7220,7300,1439970
HDB,2018-10-19,7220,7220,7090,7190,1584310
HDB,2018-10-22,7190,7290,7190,7220,1527490
HDB,2018-10-23,7120,7220,7040,7120,1139000
HDB,2018-10-24,7120,7180,6920,6920,2303360
HDB,2018-10-25,6720,6820,6720,6790,2373490
HDB,2018-10-26,6810,6960,6790,6800,2942910
HDB,2018-10-29,6800,6850,6630,6750,1778800
HDB,2018-10-30,6750,6800,6520,6570,1712920
HDB,2018-10-31,6580,6620,6350,6490,2159860
HDB,2018-11-01,6490,6570,6480,6490,1827130
HDB,2018-11-02,6520,6650,6520,6630,3382980
HDB,2018-11-05,6630,6650,6450,6610,2500890
HDB,2018-11-06,6610,6620,6490,6490,1838820
HDB,2018-11-07,6430,6620,6430,6570,2098090
HDB,2018-11-08,6580,6650,6550,6570,2025730
HDB,2018-11-09,6520,6580,6480,6490,1871680
HDB,2018-11-12,6490,6490,6320,6320,1842290
HDB,2018-11-13,6250,6250,5940,5940,1993330
HDB,2018-11-14,5940,6110,5640,5700,1979430
HDB,2018-11-15,5720,5720,5440,5540,2278550
HDB,2018-11-16,5590,5920,5540,5920,3333630
HDB,2018-11-19,5980,6200,5980,6110,2280300
HDB,2018-11-20,6010,6030,5940,6020,1090170
HDB,2018-11-21,5880,5990,5840,5990,1449600
HDB,2018-11-22,5990,6150,5940,6100,1664180
HDB,2018-11-23,6100,6110,5990,5990,1370910
HDB,2018-11-26,5990,6050,5880,6030,1255750
HDB,2018-11-27,6030,6070,5940,5980,1472370
HDB,2018-11-28,5980,6010,5940,6010,1560030
HDB,2018-11-29,6030,6110,5970,5990,1592500
HDB,2018-11-30,5990,5990,5860,5940,1497920
HDB,2018-12-03,5980,6340,5970,6320,2937000
HDB,2018-12-04,6370,6380,6160,6280,2077930
HDB,2018-12-05,6140,6280,6070,6170,1881730
HDB,2018-12-06,6170,6170,5950,6030,1717980
HDB,2018-12-07,6050,6140,6040,6050,2250550
HDB,2018-12-10,6050,6070,5990,6070,2314250
HDB,2018-12-11,6070,6100,5980,5980,2216610
HDB,2018-12-12,5990,6100,5990,6040,2216500
HDB,2018-12-13,6050,6110,6010,6050,2248960
HDB,2018-12-14,6030,6050,5940,5980,1580250
HDB,2018-12-17,5940,5980,5840,5840,1586390
HDB,2018-12-18,5740,5820,5700,5810,2075950
HDB,2018-12-19,5820,5840,5640,5740,1481420
HDB,2018-12-20,5680,5770,5640,5740,1487030
HDB,2018-12-21,5710,5810,5660,5810,1768200
HDB,2018-12-24,5810,5840,5610,5740,1750920
HDB,2018-12-25,5640,5700,5500,5690,1557180
HDB,2018-12-26,5740,5740,5640,5700,1122440
HDB,2018-12-27,5800,5840,5740,5840,1242120
HDB,2018-12-28,5840,5990,5800,5990,1558390
HDB,2019-01-02,5990,5990,5570,5570,723350
HDB,2019-01-03,5720,5740,5560,5570,1222860
HDB,2019-01-04,5610,5740,5540,5740,1129350
HDB,2019-01-07,5740,5840,5640,5710,727640
HDB,2019-01-08,5710,5720,5540,5640,1063470
HDB,2019-01-09,5660,5760,5660,5710,1246940
HDB,2019-01-10,5720,5760,5720,5740,1859370
HDB,2019-01-11,5740,5840,5720,5780,2231760
HDB,2019-01-14,5780,5810,5710,5760,715340
HDB,2019-01-15,5780,5790,5720,5780,717930
HDB,2019-01-16,5780,5780,5710,5780,895390
HDB,2019-01-17,5780,5780,5710,5710,998480
HDB,2019-01-18,5740,5810,5710,5760,1417600
HDB,2019-01-21,5770,5880,5760,5860,1233280
HDB,2019-01-22,5880,6010,5880,5950,1369310
HDB,2019-01-23,5940,5990,5920,5940,850650
HDB,2019-01-24,5940,5970,5880,5920,725150
HDB,2019-01-25,5940,5950,5900,5920,891440
HDB,2019-01-28,5920,5950,5900,5940,876970
HDB,2019-01-29,5940,5940,5910,5940,934570
HDB,2019-01-30,5940,5940,5910,5940,768110
HDB,2019-01-31,5950,6030,5950,6030,762510
HDB,2019-02-01,6030,6050,5990,6030,1336610
HDB,2019-02-11,6050,6070,6010,6070,1150140
HDB,2019-02-12,6070,6180,6050,6150,1889530
HDB,2019-02-13,6160,6230,6150,6170,1299260
HDB,2019-02-14,6150,6180,6050,6100,944710
HDB,2019-02-15,6100,6100,5980,6010,1126100
HDB,2019-02-18,6010,6070,5970,6050,1482140
HDB,2019-02-19,6050,6050,5880,5940,1535000
HDB,2019-02-20,5940,5940,5880,5880,840490
HDB,2019-02-21,5880,5920,5810,5900,1427590
HDB,2019-02-22,5900,6030,5860,5950,1237000
HDB,2019-02-25,5980,6150,5980,6140,1776680
HDB,2019-02-26,6140,6150,6020,6070,1122230
HDB,2019-02-27,6070,6080,6030,6050,951480
HDB,2019-02-28,6050,6050,5940,5940,1478660
HDB,2019-03-01,5940,6020,5940,6010,963400
HDB,2019-03-04,6010,6050,5980,6010,1085020
HDB,2019-03-05,6010,6110,5990,6070,1303000
HDB,2019-03-06,6080,6140,6030,6070,1108670
HDB,2019-03-07,6070,6110,6010,6070,1620040
HDB,2019-03-08,6020,6050,5940,6010,1212760
HDB,2019-03-11,6010,6030,5950,6010,626150
HDB,2019-03-12,6010,6140,5990,6110,1505510
HDB,2019-03-13,6110,6180,6110,6140,2043280
HDB,2019-03-14,6140,6150,6070,6110,1310490
HDB,2019-03-15,6110,6320,6110,6300,3064820
HDB,2019-03-18,6320,6390,6260,6300,1392510
HDB,2019-03-19,6300,6400,6300,6320,1696390
HDB,2019-03-20,6300,6320,6140,6280,931480
HDB,2019-03-21,6280,6320,6120,6140,972860
HDB,2019-03-22,6140,6210,6100,6140,1239450
HDB,2019-03-25,5990,6070,5940,5990,1271210
HDB,2019-03-26,5990,6070,5980,5990,1421400
HDB,2019-03-27,6010,6040,5940,6010,1492830
HDB,2019-03-28,5980,6070,5940,5970,1479130
HDB,2019-03-29,5940,5980,5880,5940,1153030
HDB,2019-04-01,5940,5940,5840,5840,1097250
HDB,2019-04-02,5850,5880,5640,5700,1518730
HDB,2019-04-03,5640,5640,5570,5590,1140200
HDB,2019-04-04,5640,5790,5640,5780,1613920
HDB,2019-04-05,5760,5790,5710,5790,1364970
HDB,2019-04-08,5760,5770,5690,5710,1065960
HDB,2019-04-09,5710,5790,5620,5690,1880540
HDB,2019-04-10,5640,5660,5540,5560,1714100
HDB,2019-04-11,5570,5610,5530,5530,1056670
HDB,2019-04-12,5530,5540,5440,5480,1429660
HDB,2019-04-16,5470,5660,5440,5660,1465250
HDB,2019-04-17,5680,5710,5640,5640,1064030
HDB,2019-04-18,5610,5610,5520,5560,1155030
HDB,2019-04-19,5560,5570,5510,5560,938990
HDB,2019-04-22,5570,5570,5480,5560,1243600
HDB,2019-04-23,5570,5610,5530,5590,1394220
HDB,2019-04-24,5610,5610,5570,5610,1127760
HDB,2019-04-25,5610,5610,5490,5560,1239480
HDB,2019-04-26,5590,5610,5540,5560,944690
HDB,2019-05-02,5570,5570,5500,5540,1303850
HDB,2019-05-03,5540,5560,5450,5540,1351590
HDB,2019-05-06,5510,5510,5380,5410,992700
HDB,2019-05-07,5410,5430,5170,5170,1855910
HDB,2019-05-08,5140,5200,5070,5200,2118830
HDB,2019-05-09,5200,5290,5150,5290,1578090
HDB,2019-05-10,5300,5440,5250,5380,1642950
HDB,2019-05-13,5380,5450,5280,5450,3370690
HDB,2019-05-14,5410,5450,5300,5380,1545870
HDB,2019-05-15,5340,5470,5280,5450,2499810
HDB,2019-05-16,5410,5470,5300,5410,2217020
HDB,2019-05-17,5390,5390,5290,5340,1413840
HDB,2019-05-20,5370,5380,5310,5370,1315780
HDB,2019-05-21,5370,5390,5310,5370,1555260
HDB,2019-05-22,5340,5380,5310,5340,665200
HDB,2019-05-23,5340,5350,5180,5240,1685350
HDB,2019-05-24,5220,5280,5200,5240,883450
HDB,2019-05-27,5240,5340,5230,5330,961600
HDB,2019-05-28,5320,5340,5220,5320,1003730
HDB,2019-05-29,5300,5350,5240,5330,1761010
HDB,2019-05-30,5320,5410,5300,5410,2254410
HDB,2019-05-31,5390,5410,5320,5410,1768000
HDB,2019-06-03,5390,5390,5230,5290,1491650
HDB,2019-06-04,5260,5300,5200,5260,1348200
HDB,2019-06-05,5270,5330,5260,5320,1688710
HDB,2019-06-06,5280,5340,5280,5300,779490
HDB,2019-06-07,5290,5320,5240,5320,941190
HDB,2019-06-10,5320,5340,5230,5300,1287780
HDB,2019-06-11,5260,5320,5250,5290,865430
HDB,2019-06-12,5300,5320,5250,5300,1192730
HDB,2019-06-13,5280,5310,5240,5260,1028590
HDB,2019-06-14,5290,5320,5220,5260,1780120
HDB,2019-06-17,5280,5300,5210,5240,1006060
HDB,2019-06-18,5250,5280,5100,5140,1248130
HDB,2019-06-19,5200,5220,4940,5200,1856260
HDB,2019-06-20,5240,5330,5220,5320,1786910
HDB,2019-06-21,5320,5350,5240,5260,1912930
HDB,2019-06-24,5280,5300,5250,5270,846740
HDB,2019-06-25,5260,5300,5250,5280,641150
HDB,2019-06-26,5280,5300,5230,5260,1348500
HDB,2019-06-27,5260,5300,5230,5250,720990
HDB,2019-06-28,5250,5440,5120,5440,1728220
HDB,2019-07-01,5440,5440,5280,5320,1206760
HDB,2019-07-02,5310,5310,5200,5240,1672670
HDB,2019-07-03,5220,5260,5170,5200,1192780
HDB,2019-07-04,5240,5240,5180,5240,1596370
HDB,2019-07-05,5240,5270,5200,5200,1051800
HDB,2019-07-08,5180,5180,5110,5140,1276780
HDB,2019-07-09,5140,5170,5070,5170,1465910
HDB,2019-07-10,5170,5170,5100,5130,1818100
HDB,2019-07-11,5130,5200,5130,5170,1058820
HDB,2019-07-12,5170,5180,5120,5170,1058860
HDB,2019-07-15,5170,5200,5110,5170,971410
HDB,2019-07-16,5150,5180,5140,5150,1018830
HDB,2019-07-17,5170,5220,5140,5220,1838690
HDB,2019-07-18,5230,5240,5140,5210,1073860
HDB,2019-07-19,5210,5230,5180,5220,910900
HDB,2019-07-22,5220,5240,5130,5170,775190
HDB,2019-07-23,5170,5170,5120,5170,892560
HDB,2019-07-24,5180,5200,5130,5170,507930
HDB,2019-07-25,5170,5200,5100,5170,1259970
HDB,2019-07-26,5170,5180,5100,5150,1269290
HDB,2019-07-29,5140,5170,5120,5140,924560
HDB,2019-07-30,5150,5150,5110,5140,1082500
HDB,2019-07-31,5170,5170,5100,5130,1225140
HDB,2019-08-01,5140,5140,5110,5140,1079040
HDB,2019-08-02,5120,5150,5080,5150,1994450
HDB,2019-08-05,5140,5150,5060,5070,1080940
HDB,2019-08-06,5070,5070,4830,4940,2045940
HDB,2019-08-07,5070,4940,4840,4940,1645830
HDB,2019-08-08,4940,4940,4870,4940,1542970
HDB,2019-08-09,4940,5200,4930,5200,3855360
HDB,2019-08-12,5230,5240,5100,5170,1252920
HDB,2019-08-13,5150,5170,5070,5150,1066250
HDB,2019-08-14,5150,5200,5080,5200,1459040
HDB,2019-08-15,5100,5210,5080,5210,1724750
HDB,2019-08-16,5200,5240,5170,5220,1822580
HDB,2019-08-19,5220,5240,5180,5210,623530
HDB,2019-08-20,5200,5210,5150,5200,995850
HDB,2019-08-21,5200,5240,5170,5240,1292810
HDB,2019-08-22,5220,5230,5200,5230,914360
HDB,2019-08-23,5220,5220,5200,5220,893370
HDB,2019-08-26,5200,5200,5100,5200,1276690
HDB,2019-08-27,5200,5240,5200,5240,2423010
HDB,2019-08-28,5240,5240,5200,5220,720970
HDB,2019-08-29,5210,5220,5040,5200,2307000
HDB,2019-08-30,5170,5210,5100,5140,1027180
HDB,2019-09-03,5120,5130,5070,5080,1398210
HDB,2019-09-04,5120,5110,5040,5060,976200
HDB,2019-09-05,5070,5070,5000,5060,909790
HDB,2019-09-06,5040,5070,5000,5040,996760
HDB,2019-09-09,5060,5070,5000,5040,806820
HDB,2019-09-10,5060,5060,4910,5030,1230850
HDB,2019-09-11,5030,5040,4920,5030,1300750
HDB,2019-09-12,5030,5100,5000,5080,1301200
HDB,2019-09-13,5070,5180,5060,5140,1831310
HDB,2019-09-16,5130,5220,5130,5200,2225270
HDB,2019-09-17,5200,5200,5140,5180,1571630
HDB,2019-09-18,5170,5200,5150,5170,905560
HDB,2019-09-19,5150,5230,5150,5210,1610140
HDB,2019-09-20,5210,5240,5200,5210,1212560
HDB,2019-09-23,5210,5220,5200,5220,924710
HDB,2019-09-24,5210,5220,5170,5200,1312330
HDB,2019-09-25,5200,5230,5180,5230,1218460
HDB,2019-09-26,5220,5260,5210,5240,1921770
HDB,2019-09-27,5240,5280,5220,5270,2109570
HDB,2019-09-30,5270,5540,5270,5480,3492130
HDB,2019-10-01,5480,5610,5480,5590,4476330
HDB,2019-10-02,5570,5610,5540,5560,2485740
HDB,2019-10-03,5530,5570,5440,5500,2394270
HDB,2019-10-04,5500,5540,5410,5440,1733690
HDB,2019-10-07,5440,5480,5410,5410,1407810
HDB,2019-10-08,5410,5470,5410,5450,1646150
HDB,2019-10-09,5450,5470,5430,5440,1299340
HDB,2019-10-10,5450,5470,5410,5470,1538160
HDB,2019-10-11,5480,5570,5470,5540,2265090
HDB,2019-10-14,5570,5610,5570,5610,2796220
HDB,2019-10-15,5620,5640,5570,5610,1432200
HDB,2019-10-16,5610,5610,5560,5570,1068290
HDB,2019-10-17,5570,5570,5520,5520,1948760
HDB,2019-10-18,5540,5540,5500,5530,1281060
HDB,2019-10-21,5520,5540,5510,5540,1170010
HDB,2019-10-22,5540,5590,5510,5530,1251450
HDB,2019-10-23,5520,5590,5500,5590,2508290
HDB,2019-10-24,5570,5780,5560,5780,4608210
HDB,2019-10-25,5770,5790,5690,5710,1586170
HDB,2019-10-28,5740,5740,5670,5710,1730470
HDB,2019-10-29,5700,5720,5640,5700,1446260
HDB,2019-10-30,5690,5720,5680,5710,2171950
HDB,2019-10-31,5710,5850,5710,5820,4007290
HDB,2019-11-01,5810,5820,5720,5800,1528630
HDB,2019-11-04,5790,5840,5770,5840,2666690
HDB,2019-11-05,5810,5840,5790,5840,1544260
HDB,2019-11-06,5840,5840,5760,5760,1981650
HDB,2019-11-07,5760,5790,5710,5770,1764160
HDB,2019-11-08,5800,5910,5790,5860,4099020
HDB,2019-11-11,5850,5880,5760,5850,2449980
HDB,2019-11-12,5840,5850,5770,5840,2025350
HDB,2019-11-13,5820,5840,5770,5840,2306790
HDB,2019-11-14,5810,5840,5740,5740,1800960
HDB,2019-11-15,5740,5740,5610,5610,2507740
HDB,2019-11-18,5620,5800,5610,5680,3249280
HDB,2019-11-19,5690,5710,5660,5700,1798650
HDB,2019-11-20,5700,5740,5640,5710,1671860
HDB,2019-11-21,5690,5710,5620,5620,1711790
HDB,2019-11-22,5640,5670,5440,5500,1596730
HDB,2019-11-25,5500,5540,5450,5500,961390
HDB,2019-11-26,5520,5540,5470,5500,1420590
HDB,2019-11-27,5500,5520,5340,5340,1153210
HDB,2019-11-28,5340,5350,5140,5170,1211930
HDB,2019-11-29,5170,5250,5170,5240,957640
HDB,2019-12-02,5240,5240,5060,5060,954080
HDB,2019-12-03,5060,5100,5000,5060,1045380
HDB,2019-12-04,5070,5410,5070,5410,2051210
HDB,2019-12-05,5490,5610,5480,5520,1719780
HDB,2019-12-06,5500,5530,5450,5500,811470
HDB,2019-12-09,5490,5560,5440,5540,1648450
HDB,2019-12-10,5540,5560,5450,5480,1009950
HDB,2019-12-11,5440,5560,5440,5540,1296400
HDB,2019-12-12,5540,5560,5510,5540,1185500
HDB,2019-12-13,5540,5560,5490,5530,1360290
HDB,2019-12-16,5530,5530,5440,5450,1188090
HDB,2019-12-17,5380,5440,5280,5330,1362410
HDB,2019-12-18,5250,5330,5170,5230,1218070
HDB,2019-12-19,5230,5240,5130,5180,1276510
HDB,2019-12-20,5180,5200,5170,5180,895980
HDB,2019-12-23,5180,5210,5170,5200,1102710
HDB,2019-12-24,5210,5340,5210,5300,1607030
HDB,2019-12-25,5290,5340,5260,5280,833500
HDB,2019-12-26,5260,5280,5220,5240,660670
HDB,2019-12-27,5240,5340,5230,5340,2205190
HDB,2019-12-30,5340,5350,5300,5320,898050
HDB,2019-12-31,5320,5450,5300,5450,2151310
HDB,2020-01-02,5440,5500,5370,5500,2142970
HDB,2020-01-03,5490,5490,5410,5450,1305640
HDB,2020-01-06,5440,5440,5300,5340,1309500
HDB,2020-01-07,5340,5340,5260,5280,865630
HDB,2020-01-08,5260,5320,5170,5280,1954710
HDB,2020-01-09,5280,5450,5270,5440,2024450
HDB,2020-01-10,5450,5610,5450,5560,1917360
HDB,2020-01-13,5560,5570,5470,5520,866380
HDB,2020-01-14,5480,5570,5450,5540,813000
HDB,2020-01-15,5540,5540,5470,5490,712440
HDB,2020-01-16,5490,5680,5480,5670,2717120
HDB,2020-01-17,5680,5720,5640,5640,2061530
HDB,2020-01-20,5640,5640,5560,5590,939700
HDB,2020-01-21,5590,5760,5570,5720,1656380
HDB,2020-01-22,5720,5740,5640,5740,2241630
HDB,2020-01-30,5680,5680,5530,5530,1695770
HDB,2020-01-31,5510,5520,5140,5340,1891250
HDB,2020-02-03,5270,5430,5060,5340,1825080
HDB,2020-02-04,5350,5480,5310,5450,1620490
HDB,2020-02-05,5450,5640,5390,5610,1330510
HDB,2020-02-06,5620,5940,5610,5910,3301040
HDB,2020-02-07,5910,5950,5850,5920,1757480
HDB,2020-02-10,5910,5910,5770,5840,1230340
HDB,2020-02-11,5810,5850,5710,5740,2634890
HDB,2020-02-12,5740,5910,5740,5780,1790130
HDB,2020-02-13,5790,5840,5760,5780,1237040
HDB,2020-02-14,5790,5840,5660,5660,2113640
HDB,2020-02-17,5660,5690,5640,5690,2070830
HDB,2020-02-18,5680,5740,5670,5670,1079920
HDB,2020-02-19,5670,5670,5560,5640,1704650
HDB,2020-02-20,5640,5670,5610,5610,1144200
HDB,2020-02-21,5610,5680,5570,5610,1193560
HDB,2020-02-24,5540,5540,5390,5390,1366630
HDB,2020-02-25,5340,5540,5330,5540,1834510
HDB,2020-02-26,5480,5590,5410,5480,1200270
HDB,2020-02-27,5490,5560,5470,5540,1243660
HDB,2020-02-28,5450,5500,5380,5500,1033040
HDB,2020-03-02,5480,5540,5410,5480,1320040
HDB,2020-03-03,5540,5610,5450,5480,2539510
HDB,2020-03-04,5480,5590,5480,5570,1566000
HDB,2020-03-05,5590,5670,5490,5540,1184690
HDB,2020-03-06,5520,5540,5440,5540,720180
HDB,2020-03-09,5300,5310,5150,5150,1611800
HDB,2020-03-10,4950,5270,4940,5100,2498670
HDB,2020-03-11,5140,5140,4760,4840,1355180
HDB,2020-03-12,4770,4770,4510,4510,2178450
HDB,2020-03-13,4210,4630,4210,4550,3270420
HDB,2020-03-16,4420,4550,4230,4290,2497160
HDB,2020-03-17,4070,4460,4019,4190,3084830
HDB,2020-03-18,4330,4330,4160,4220,1712110
HDB,2020-03-19,4150,4150,3920,4140,2289340
HDB,2020-03-20,4090,4140,3910,4140,1539210
HDB,2020-03-23,3880,3880,3840,3840,695880
HDB,2020-03-24,3840,3890,3700,3760,1649110
HDB,2020-03-25,3930,3930,3790,3930,2066330
HDB,2020-03-26,3920,3930,3730,3880,3422990
HDB,2020-03-27,3860,3860,3610,3610,1966000
HDB,2020-03-30,3460,3460,3360,3410,1797420
HDB,2020-03-31,3550,3620,3190,3520,1498980
HDB,2020-04-01,3540,3750,3520,3750,752190
HDB,2020-04-03,3780,3870,3760,3870,1133750
HDB,2020-04-06,3880,4059,3880,4059,2020520
HDB,2020-04-07,4059,4140,3980,4100,1134650
HDB,2020-04-08,4059,4090,3970,4090,1080520
HDB,2020-04-09,4090,4120,3990,4090,2083860
HDB,2020-04-10,3990,4059,3920,3960,1576090
HDB,2020-04-13,3950,3990,3820,3990,1621270
HDB,2020-04-14,4010,4010,3870,3960,1069550
HDB,2020-04-15,3960,4090,3960,4090,1176120
HDB,2020-04-16,4070,4190,4030,4140,1764670
HDB,2020-04-17,4290,4350,4240,4260,2464460
HDB,2020-04-20,4310,4330,4210,4220,1505740
HDB,2020-04-21,4120,4150,3950,3980,2215800
HDB,2020-04-22,3860,4140,3820,4120,1488030
HDB,2020-04-23,4150,4190,3990,4070,2254760
HDB,2020-04-24,4070,4070,3970,4070,2076040
HDB,2020-04-27,4030,4120,4010,4059,1764890
HDB,2020-04-28,4059,4090,3980,4059,1656080
HDB,2020-04-29,4090,4090,4050,4090,2104730
HDB,2020-05-04,4090,4290,4059,4260,1813200
HDB,2020-05-05,4270,4290,4180,4290,1177050
HDB,2020-05-06,4270,4270,4180,4230,393860
HDB,2020-05-07,4310,4310,4190,4220,1204160
HDB,2020-05-08,4220,4500,4220,4430,2216860
HDB,2020-05-11,4460,4530,4350,4460,1469200
HDB,2020-05-12,4460,4530,4440,4490,1016600
HDB,2020-05-13,4460,4730,4400,4690,2269340
HDB,2020-05-14,4590,4640,4550,4550,860840
HDB,2020-05-15,4550,4640,4460,4520,561390
HDB,2020-05-18,4490,4590,4460,4590,880590
HDB,2020-05-19,4690,4730,4600,4660,1318090
HDB,2020-05-20,4600,4660,4600,4630,435170
HDB,2020-05-21,4590,4950,4590,4950,1123550
HDB,2020-05-22,4760,4840,4720,4730,1046640
HDB,2020-05-25,4760,4830,4710,4760,942600
HDB,2020-05-26,4690,4810,4690,4810,755080
HDB,2020-05-27,4910,4910,4690,4690,850800
HDB,2020-05-28,4760,4760,4680,4690,510180
HDB,2020-05-29,4670,4790,4600,4790,937900
HDB,2020-06-01,4800,4940,4800,4930,890790
HDB,2020-06-02,5270,5270,5240,5270,2242700
HDB,2020-06-03,5640,5640,5340,5640,1999730
HDB,2020-06-04,5640,5680,5500,5500,943650
HDB,2020-06-05,5410,5500,5320,5440,931870
HDB,2020-06-08,5450,5520,5390,5410,1490380
HDB,2020-06-09,5410,5560,5390,5540,1001390
HDB,2020-06-10,5540,5560,5410,5540,719230
HDB,2020-06-11,5500,5520,5320,5380,1803480
HDB,2020-06-12,5070,5340,5070,5320,926890
HDB,2020-06-15,5640,5670,5240,5410,2666010
HDB,2020-06-16,5440,5450,5340,5410,1728880
HDB,2020-06-17,5410,5410,5300,5310,589790
HDB,2020-06-18,5240,5290,5200,5250,683790
HDB,2020-06-19,5210,5300,5210,5300,456590
HDB,2020-06-22,5330,5330,5170,5240,644540
HDB,2020-06-23,5300,5300,5210,5240,616470
HDB,2020-06-24,5240,5260,5180,5200,463340
HDB,2020-06-25,5150,5150,5040,5080,730410
HDB,2020-06-26,5140,5170,4970,5010,929440
HDB,2020-06-29,4940,4970,4720,4890,1592010
HDB,2020-06-30,4920,4950,4720,4910,1007010
HDB,2020-07-01,4810,4910,4760,4860,926460
HDB,2020-07-02,4940,4990,4830,4890,707210
HDB,2020-07-03,4930,5220,4910,5140,1696380
HDB,2020-07-06,5140,5200,5070,5140,776970
HDB,2020-07-07,5200,5200,5140,5140,674050
HDB,2020-07-08,5140,5170,5080,5150,514700
HDB,2020-07-09,5150,5410,5150,5380,1668270
HDB,2020-07-10,5300,5410,5260,5270,1022700
HDB,2020-07-13,5280,5340,5220,5270,799240
HDB,2020-07-14,5260,5290,5200,5280,1155520
HDB,2020-07-15,5280,5380,5280,5310,726130
HDB,2020-07-16,5310,5380,5260,5380,828530
HDB,2020-07-17,5310,5350,5310,5330,600150
HDB,2020-07-20,5340,5380,5280,5290,735140
HDB,2020-07-21,5330,5330,5240,5250,658420
HDB,2020-07-22,5250,5310,5170,5200,681160
HDB,2020-07-23,5200,5260,5170,5260,567900
HDB,2020-07-24,5200,5240,4910,5000,1302970
HDB,2020-07-27,4690,4910,4660,4660,1665640
HDB,2020-07-28,4660,4800,4560,4760,1964660
HDB,2020-07-29,4590,4760,4530,4710,960200
HDB,2020-07-30,4670,4800,4670,4760,500710
HDB,2020-07-31,4560,4760,4560,4740,691900
HDB,2020-08-03,4700,4870,4700,4830,575950
HDB,2020-08-04,4920,4920,4830,4870,477290
HDB,2020-08-05,4870,5070,4860,5040,803780
HDB,2020-08-06,5040,5200,4960,5140,960720
HDB,2020-08-07,5140,5170,5080,5150,619710
HDB,2020-08-10,5170,5300,5170,5240,1042010
HDB,2020-08-11,5280,5320,5210,5280,932030
HDB,2020-08-12,5280,5310,5250,5310,543490
HDB,2020-08-13,5320,5370,5280,5370,999550
HDB,2020-08-14,5410,5480,5370,5410,1990240
HDB,2020-08-17,5450,5490,5410,5450,1633730
HDB,2020-08-18,5490,5490,5380,5410,848890
HDB,2020-08-19,5410,5430,5350,5370,736570
HDB,2020-08-20,5370,5390,5310,5310,1319990
HDB,2020-08-21,5320,5410,5320,5380,485010
HDB,2020-08-24,5380,5570,5380,5570,1508410
HDB,2020-08-25,5570,5660,5570,5570,1061180
HDB,2020-08-26,5540,5620,5520,5590,661770
HDB,2020-08-27,5570,5610,5560,5570,555190
HDB,2020-08-28,5570,5640,5570,5570,739830
HDB,2020-08-31,5570,5620,5570,5610,730390
HDB,2020-09-01,5610,5660,5590,5640,912390
HDB,2020-09-03,5740,5900,5710,5900,2106380
HDB,2020-09-04,5880,5920,5810,5880,1737350
HDB,2020-09-07,5940,5940,5780,5780,1500260
HDB,2020-09-08,5780,5880,5660,5810,979100
HDB,2020-09-09,5710,5840,5700,5760,967490
HDB,2020-09-10,5810,5840,5760,5800,510410
HDB,2020-09-11,5940,6110,5910,6010,2980530
HDB,2020-09-14,6100,6100,5950,5990,1657830
HDB,2020-09-15,5980,6010,5910,5910,1578100
HDB,2020-09-16,5910,5970,5880,5910,1270990
HDB,2020-09-17,5910,5920,5850,5850,1138420
HDB,2020-09-18,5850,5910,5850,5880,1007690
HDB,2020-09-21,5970,6110,5970,6070,2060410
HDB,2020-09-22,6070,6110,5990,6110,1851750
HDB,2020-09-23,6140,6180,6110,6150,1057680
HDB,2020-09-24,6140,6150,6110,6150,875340
HDB,2020-09-25,6150,6160,6070,6160,1459450
HDB,2020-09-28,6280,6280,6170,6220,1091890
HDB,2020-09-29,6230,6320,6180,6180,2066420
HDB,2020-09-30,6210,6220,6150,6180,2597730
HDB,2020-10-01,6350,6450,6330,6380,2899450
HDB,2020-10-02,6420,6440,6210,6350,1937670
HDB,2020-10-05,6400,6420,6350,6380,1003200
HDB,2020-10-06,6380,6420,6330,6350,1594250
HDB,2020-10-07,6300,6380,6280,6350,1388290
HDB,2020-10-08,6320,6350,6240,6300,1506280
HDB,2020-10-09,6330,6330,6300,6300,1414530
HDB,2020-10-12,6320,6350,6240,6260,1352010
HDB,2020-10-13,6260,6270,6170,6170,1414340
HDB,2020-10-14,6170,6270,6150,6230,1323940
HDB,2020-10-15,6270,6320,6210,6320,1323190
HDB,2020-10-16,6320,6420,6270,6380,1495300
HDB,2020-10-19,6400,6400,6320,6350,1258750
HDB,2020-10-20,6350,6580,6350,6500,2366670
HDB,2020-10-21,6580,6630,6480,6500,2268450
HDB,2020-10-22,6500,6530,6420,6480,1653550
HDB,2020-10-23,6500,6530,6450,6530,1969110
HDB,2020-10-26,6500,6530,6420,6420,1907620
HDB,2020-10-27,6420,6420,6310,6310,1834730
HDB,2020-10-28,6300,6300,5910,5910,3275210
HDB,2020-10-29,5910,6130,5880,6070,2158770
HDB,2020-10-30,6210,6240,6050,6210,1919800
HDB,2020-11-02,6210,6270,6110,6270,1431070
HDB,2020-11-03,6300,6320,6180,6260,1538860
HDB,2020-11-04,6420,6560,6420,6480,5034090
HDB,2020-11-05,6460,6610,6420,6480,3137940
HDB,2020-11-06,6520,6520,6420,6450,1300350
HDB,2020-11-09,6520,6530,6480,6530,1689360
HDB,2020-11-10,6650,6690,6530,6550,3570080
HDB,2020-11-11,6550,6630,6510,6630,3470730
HDB,2020-11-12,6630,6670,6610,6650,1765850
HDB,2020-11-13,6690,6690,6590,6650,3920880
HDB,2020-11-16,6690,6690,6480,6480,6750870
HDB,2020-11-17,6630,6630,6560,6610,8312310
HDB,2020-11-18,6630,6630,6530,6590,5909160
HDB,2020-11-19,6530,6580,6520,6530,4863700
HDB,2020-11-20,6530,6690,6530,6630,3751000
HDB,2020-11-23,6690,6720,6610,6610,4563820
HDB,2020-11-24,6650,6650,6500,6560,5290640
HDB,2020-11-25,6560,6580,6480,6520,4575840
HDB,2020-11-26,6550,6590,6480,6550,4176820
HDB,2020-11-27,6800,6990,6690,6990,10500540
HDB,2020-11-30,7110,7480,7100,7180,7093650
HDB,2020-12-01,7020,7290,7010,7260,5994270
HDB,2020-12-02,7180,7260,7150,7190,5158140
HDB,2020-12-03,7180,7230,7110,7110,4923230
HDB,2020-12-04,7110,7140,7070,7070,3959250
HDB,2020-12-07,7070,7140,7070,7120,2691150
HDB,2020-12-08,7140,7230,7120,7230,2911860
HDB,2020-12-09,7340,7430,7290,7390,5148570
HDB,2020-12-10,7390,7390,7260,7260,4914350
HDB,2020-12-11,7260,7340,7230,7260,3316850
HDB,2020-12-14,7260,7340,7230,7290,3219050
HDB,2020-12-15,7290,7300,7180,7260,4717840
HDB,2020-12-16,7230,7340,7200,7300,4559460
HDB,2020-12-17,7300,7510,7200,7420,6299430
HDB,2020-12-18,7420,7730,7390,7730,9509510
HDB,2020-12-21,7830,8150,7830,8130,6290050
HDB,2020-12-22,8150,8150,7920,8020,4163730
HDB,2020-12-23,8000,8020,7830,7830,6361130
HDB,2020-12-24,7830,7840,7340,7560,6630420
HDB,2020-12-25,7580,7860,7550,7830,5078510
HDB,2020-12-28,7880,7970,7680,7770,5670670
HDB,2020-12-29,7770,7800,7680,7710,3524870
HDB,2020-12-30,7710,7800,7700,7700,3005990
HDB,2020-12-31,7730,7800,7700,7740,2587530
HDB,2021-01-04,7880,7880,7800,7860,6829000
HDB,2021-01-05,7860,8109,7860,8070,7231800
HDB,2021-01-06,8080,8500,8080,8360,11331100
HDB,2021-01-07,8480,8780,8460,8740,8328800
HDB,2021-01-08,8870,8970,8740,8830,6924700
HDB,2021-01-11,8870,8950,8640,8750,6768300
HDB,2021-01-12,8700,8770,8570,8720,5101900
HDB,2021-01-13,8720,8810,8700,8750,6388800
HDB,2021-01-14,8810,8810,8640,8740,3675000
HDB,2021-01-15,8810,9130,8780,9090,7103500
HDB,2021-01-18,9090,9090,8810,8880,5150200
HDB,2021-01-19,8810,8810,8270,8270,5782200
HDB,2021-01-20,8270,8420,7830,8310,6660300
HDB,2021-01-21,8370,8570,8150,8410,4714900
HDB,2021-01-22,8410,8620,8370,8500,2937200
HDB,2021-01-25,8500,8500,8310,8360,2373100
HDB,2021-01-26,8280,8280,7830,8000,3770100
HDB,2021-01-27,7840,8070,7490,7590,4373100
HDB,2021-01-28,7070,7260,7070,7070,4508900
HDB,2021-01-29,6580,7560,6580,7260,5395400
HDB,2021-02-01,7300,7550,7110,7230,3380300
HDB,2021-02-02,7230,7660,7150,7560,3057100
HDB,2021-02-03,7630,7860,7560,7830,4470000
HDB,2021-02-04,7830,7880,7610,7680,3323600
HDB,2021-02-05,7700,7860,7680,7860,3084000
HDB,2021-02-08,7840,7860,7450,7640,3918400
HDB,2021-02-09,7700,7860,7590,7860,3156000
HDB,2021-02-17,7920,8280,7860,8280,4203900
HDB,2021-02-18,8280,8410,8150,8310,4632300
HDB,2021-02-19,8189,8390,8109,8340,4034000
HDB,2021-02-22,8340,8540,8340,8410,6535800
HDB,2021-02-23,8340,8560,8310,8460,4611000
HDB,2021-02-24,8480,8520,8200,8290,4438700
HDB,2021-02-25,8360,8370,8080,8310,4931000
HDB,2021-02-26,8150,8280,8130,8200,4328500
HDB,2021-03-01,8250,8410,8250,8410,3271800
HDB,2021-03-02,8500,8810,8440,8700,8274900
HDB,2021-03-03,8720,8900,8640,8780,5701400
HDB,2021-03-04,8770,8810,8410,8540,4433800
HDB,2021-03-05,8540,8570,8340,8420,5045400
HDB,2021-03-08,8540,8570,8420,8460,2950800
HDB,2021-03-09,8420,8500,8230,8460,2548600
HDB,2021-03-10,8460,8540,8340,8500,2806700
HDB,2021-03-11,8640,8670,8500,8610,3621700
HDB,2021-03-12,8640,8750,8620,8690,4051500
HDB,2021-03-15,8690,8740,8660,8690,2840700
HDB,2021-03-16,8740,8770,8640,8740,4549400
HDB,2021-03-17,8770,8990,8770,8970,7798100
HDB,2021-03-18,9070,9070,8810,8970,7237000
HDB,2021-03-19,8900,8930,8780,8840,4935200
HDB,2021-03-22,8840,8840,8700,8780,3963200
HDB,2021-03-23,8780,8780,8570,8640,3947000
HDB,2021-03-24,8500,8570,8150,8310,5338200
HDB,2021-03-25,8310,8440,8280,8340,4130500
HDB,2021-03-26,8310,8460,8080,8390,4007600
HDB,2021-03-29,8480,8540,8370,8480,3149300
HDB,2021-03-30,8500,8580,8420,8540,4092000
HDB,2021-03-31,8670,8740,8570,8610,3883700
HDB,2021-04-01,8670,8770,8610,8740,3531500
HDB,2021-04-02,8820,8930,8810,8880,6221100
HDB,2021-04-05,9230,9230,8980,9010,5898700
HDB,2021-04-06,9010,9070,8870,8990,5343500
HDB,2021-04-07,9010,9070,8930,9040,4333600
HDB,2021-04-08,9130,9190,9090,9140,5669400
HDB,2021-04-09,9180,9180,9090,9130,3890400
HDB,2021-04-12,9150,9150,8810,9090,9500100
HDB,2021-04-13,9230,9230,8970,9010,5844900
HDB,2021-04-14,9010,9090,8910,9090,2954300
HDB,2021-04-15,9090,9090,8910,8910,4656800
HDB,2021-04-16,8870,8930,8640,8690,4639500
HDB,2021-04-19,8900,8900,8690,8900,3695000
HDB,2021-04-20,8980,8990,8820,8870,3470400
HDB,2021-04-22,8870,8870,8570,8570,4280300
HDB,2021-04-23,8570,8780,8480,8770,4256300
HDB,2021-04-26,8770,8830,8500,8640,3955800
HDB,2021-04-27,8640,8780,8480,8740,3175700
HDB,2021-04-28,8740,8780,8700,8750,2933300
HDB,2021-04-29,8750,8950,8750,8880,4836700
HDB,2021-05-04,8690,8900,8670,8870,4476200
HDB,2021-05-05,8900,9480,8900,9470,17394400
HDB,2021-05-06,9550,9600,9310,9380,5442700
HDB,2021-05-07,9260,9940,9260,9770,15743900
HDB,2021-05-10,9720,10190,9720,10040,9105400
HDB,2021-05-11,10040,10100,9770,9770,5377400
HDB,2021-05-12,9720,9890,9620,9850,9313400
HDB,2021-05-13,9850,10120,9810,9890,9057200
HDB,2021-05-14,10040,10270,9940,10180,7556800
HDB,2021-05-17,10260,10390,10040,10150,8422100
HDB,2021-05-18,10150,10180,9940,9980,7207100
HDB,2021-05-19,9980,10280,9960,10260,7076700
HDB,2021-05-20,10260,10530,10100,10420,9768400
HDB,2021-05-21,10420,10630,10340,10390,5745200
HDB,2021-05-24,10390,10460,10300,10350,5478200
HDB,2021-05-25,10270,10590,10270,10590,5954400
HDB,2021-05-26,10690,10770,10560,10690,4418200
HDB,2021-05-27,10760,10880,10390,10420,6586700
HDB,2021-05-28,10500,10760,10390,10700,6061000
HDB,2021-05-31,10760,11040,10560,11010,10124400
HDB,2021-06-01,11080,11410,11080,11170,5188000
HDB,2021-06-02,11080,11210,10930,11080,4972900
HDB,2021-06-03,11270,11800,11170,11660,8524500
HDB,2021-06-04,11700,11740,11410,11560,9321600
HDB,2021-06-07,11640,11700,11080,11300,6948800
HDB,2021-06-08,11300,11300,10530,10530,6496800
HDB,2021-06-09,10530,11030,10100,10880,5641300
HDB,2021-06-10,10850,11080,10590,10660,4044400
HDB,2021-06-11,10690,11330,10660,11230,6158200
HDB,2021-06-14,11250,11270,11080,11120,4570000
HDB,2021-06-15,11120,11600,11080,11330,5603100
HDB,2021-06-16,11160,11330,10790,11010,3846900
HDB,2021-06-17,10660,11030,10660,10960,4396000
HDB,2021-06-18,11120,11270,11010,11170,3838700
HDB,2021-06-21,11070,11100,10930,10960,2916200
HDB,2021-06-22,11010,11270,10960,11200,4849100
HDB,2021-06-23,11310,11310,11170,11170,3058700
HDB,2021-06-24,11170,11330,11100,11170,2880700
HDB,2021-06-25,11230,11500,11170,11500,4996600
HDB,2021-06-28,11720,11770,11640,11740,5338200
HDB,2021-06-29,11680,11800,11570,11700,4712300
HDB,2021-06-30,11700,11740,11570,11570,3412100
HDB,2021-07-01,11500,11880,11500,11880,5516400
HDB,2021-07-02,11900,12160,11900,12120,4656100
HDB,2021-07-05,12320,12320,11900,12190,5016800
HDB,2021-07-06,12260,12350,11340,11410,5052000
HDB,2021-07-07,11570,11900,11270,11900,6200500
HDB,2021-07-08,11870,11960,11660,11720,3761000
HDB,2021-07-09,11470,11770,11370,11410,3486500
HDB,2021-07-12,11340,11470,10610,11010,6482700
HDB,2021-07-13,11120,11160,10690,11070,2913100
HDB,2021-07-14,11060,11080,10460,10640,2836700
HDB,2021-07-15,10530,10930,10530,10820,2865600
HDB,2021-07-16,11000,11000,10800,10900,2882400
HDB,2021-07-19,10690,10690,10170,10390,3417800
HDB,2021-07-20,10390,10920,10190,10880,2367200
HDB,2021-07-21,10850,10920,10440,10490,2616400
HDB,2021-07-22,10420,10620,10420,10560,2413500
HDB,2021-07-23,10530,10820,10510,10540,4160600
HDB,2021-07-26,10540,10620,10330,10590,1469100
HDB,2021-07-27,10620,10720,10490,10590,3511000
HDB,2021-07-28,10690,10760,10600,10720,3266600
HDB,2021-07-29,10850,10900,10760,10880,2044800
HDB,2021-07-30,10920,11040,10850,10980,3336400
HDB,2021-08-02,10980,11230,10880,11150,3782400
HDB,2021-08-03,11150,11370,11090,11370,3680900
HDB,2021-08-04,11400,11500,11330,11420,3243000
HDB,2021-08-05,11320,11580,11270,11570,3369900
HDB,2021-08-06,11570,11600,11350,11400,2688800
HDB,2021-08-09,11370,11570,11270,11570,2588600
HDB,2021-08-10,11700,11740,11480,11580,3089700
HDB,2021-08-11,11600,11670,11540,11550,2101700
HDB,2021-08-12,11500,11570,11400,11420,2057200
HDB,2021-08-13,11400,11510,11160,11320,2666100
HDB,2021-08-16,11320,11650,11270,11650,3287100
HDB,2021-08-17,11710,11890,11570,11650,2284000
HDB,2021-08-18,11650,11710,11570,11600,1655200
HDB,2021-08-19,11600,11740,11470,11740,2429400
HDB,2021-08-20,11430,11630,11080,11240,3131500
HDB,2021-08-23,11170,11170,10880,10950,2670700
HDB,2021-08-24,10950,11130,10840,10980,2542400
HDB,2021-08-25,11080,11080,10960,11000,3519700
HDB,2021-08-26,11100,11370,10930,10930,2801300
HDB,2021-08-27,10870,10920,10470,10790,2571400
HDB,2021-08-30,10840,10890,10770,10870,2054800
HDB,2021-08-31,10870,10890,10570,10570,1949100
HDB,2021-09-01,10550,10710,10420,10450,3120000
HDB,2021-09-06,10470,10840,10450,10730,2910800
HDB,2021-09-07,10840,10870,10730,10870,1952300
HDB,2021-09-08,11000,11000,10840,10890,2319700
HDB,2021-09-09,10840,10890,10630,10760,1965900
HDB,2021-09-10,10710,10760,10550,10550,2605000
HDB,2021-09-13,10570,10570,10260,10260,2737500
HDB,2021-09-14,10230,10370,10100,10100,2116200
HDB,2021-09-15,10100,10190,10060,10080,1936900
HDB,2021-09-16,10190,10260,10100,10230,1698800
HDB,2021-09-17,10260,10370,10260,10370,2214400
HDB,2021-09-20,10510,10590,10470,10470,1862600
HDB,2021-09-21,10450,10450,10310,10400,1870000
HDB,2021-09-22,10400,10400,10230,10370,1509200
HDB,2021-09-23,10390,10450,10260,10350,1697000
HDB,2021-09-24,10370,10450,10310,10390,1608800
HDB,2021-09-27,10420,10570,10390,10390,2164500
HDB,2021-09-28,10390,10420,10280,10370,3032800
HDB,2021-09-29,10390,10450,10260,10350,2055500
HDB,2021-09-30,10280,10390,10260,10350,2452100
HDB,2021-10-01,10320,10370,10100,10120,2094800
HDB,2021-10-04,10060,10140,9790,9810,1978700
HDB,2021-10-05,9840,10020,9770,9980,1150700
HDB,2021-10-06,10060,10080,9850,9890,1221300
HDB,2021-10-07,9930,9930,9790,9810,1458700
HDB,2021-10-08,9850,9920,9790,9920,1393200
HDB,2021-10-11,9980,10470,9980,10450,2705000
HDB,2021-10-12,10450,10490,10320,10400,1745400
HDB,2021-10-13,10470,10630,10400,10470,2856800
HDB,2021-10-14,10420,10630,10350,10570,2589000
HDB,2021-10-15,10570,10590,10420,10450,2792100
HDB,2021-10-18,10470,10530,10400,10470,3820900
HDB,2021-10-19,10510,10530,10310,10370,2329900
HDB,2021-10-20,10350,10470,10200,10200,2493600
HDB,2021-10-21,10230,10310,10020,10020,2785600
HDB,2021-10-22,10190,10230,10000,10000,2476900
HDB,2021-10-25,10140,10140,9960,9980,2215300
HDB,2021-10-26,10000,10060,9890,10060,2018200
HDB,2021-10-27,10060,10390,10020,10260,3190200
HDB,2021-10-28,10350,10420,10280,10400,4112200
HDB,2021-10-29,10400,10400,10280,10280,2942400
HDB,2021-11-01,10370,10390,10280,10310,3126200
HDB,2021-11-02,10310,10420,10310,10420,4944500
HDB,2021-11-03,10450,11140,10420,11080,12652600
HDB,2021-11-04,11140,11160,10970,11010,5169100
HDB,2021-11-05,11010,11040,10790,10870,3229100
HDB,2021-11-08,10920,11080,10770,11000,5282700
HDB,2021-11-09,11080,11370,11080,11280,7774000
HDB,2021-11-10,11320,11530,11300,11400,4761000
HDB,2021-11-11,11400,11450,11080,11280,5559400
HDB,2021-11-12,11280,11470,11170,11400,4222900
HDB,2021-11-15,11570,11990,11480,11750,8997600
HDB,2021-11-16,11790,11890,11370,11370,6752700
HDB,2021-11-17,11400,11400,11160,11320,4405400
HDB,2021-11-18,11370,11810,11370,11500,7021000
HDB,2021-11-19,11660,12300,11650,12300,20848700
HDB,2021-11-22,12550,13150,12550,13150,13191900
HDB,2021-11-23,13150,13150,12780,12950,5900600
HDB,2021-11-24,12990,13830,12970,13650,11827300
HDB,2021-11-25,13600,13650,13240,13240,8648900
HDB,2021-11-26,13350,13520,12770,12770,7905600
HDB,2021-11-29,12620,13220,12380,12830,11772200
HDB,2021-11-30,13150,13150,12420,12420,8085900
HDB,2021-12-01,12460,13040,12450,13040,6340200
HDB,2021-12-02,13190,13240,12830,12830,6081500
HDB,2021-12-03,12990,13140,12620,12620,9937000
HDB,2021-12-06,12550,12710,11750,11850,9007300
HDB,2021-12-07,11970,12410,11830,12220,4231300
HDB,2021-12-08,12300,12710,12080,12340,6574700
HDB,2021-12-09,12140,12580,12140,12530,3420900
HDB,2021-12-10,12460,12780,12450,12510,4162000
HDB,2021-12-13,12510,12650,12220,12240,6201200
HDB,2021-12-14,12220,12420,12060,12060,4900600
HDB,2021-12-15,12010,12570,11910,12240,4567700
HDB,2021-12-16,12380,12420,12010,12100,3467900
HDB,2021-12-17,12180,12300,11970,12010,5496100
HDB,2021-12-20,12010,12220,11850,12060,4979300
HDB,2021-12-21,12060,12140,11940,11970,3182800
HDB,2021-12-22,12100,12100,11320,11370,10243600
HDB,2021-12-23,11400,11540,10840,10930,7168600
HDB,2021-12-24,11170,11690,11080,11690,3390900
HDB,2021-12-27,11950,12040,11690,11700,4551200
HDB,2021-12-28,11740,12530,11660,12420,8552300
HDB,2021-12-29,12420,12780,12420,12460,6732400
HDB,2021-12-30,12460,12690,12380,12460,3794800
HDB,2021-12-31,12460,12990,12300,12570,7209800
HDB,2022-01-04,12690,12930,12620,12660,6809800
HDB,2022-01-05,12620,12730,12420,12420,6545900
HDB,2022-01-06,12260,12650,12200,12420,6758800
HDB,2022-01-07,12420,12570,12320,12340,4097600
HDB,2022-01-10,12260,12460,12110,12110,4438800
HDB,2022-01-11,12010,12220,11810,11940,4728700
HDB,2022-01-12,11890,12710,11810,12610,5575800
HDB,2022-01-13,12750,13240,12550,12550,10388600
HDB,2022-01-14,12340,12620,12300,12460,2685100
HDB,2022-01-17,12550,12830,11810,11810,7549400
HDB,2022-01-18,11910,12180,11610,12040,4770700
HDB,2022-01-19,12040,12140,11690,11790,3126200
HDB,2022-01-20,11690,11990,11570,11770,4224200
HDB,2022-01-21,11810,12220,11740,11890,3996600
HDB,2022-01-24,11890,12140,11690,11810,4631300
HDB,2022-01-25,11810,12240,11790,12240,4307300
HDB,2022-01-26,12380,12830,12260,12510,8119600
HDB,2022-01-27,12510,12830,12420,12550,4975900
HDB,2022-01-28,12580,12750,12530,12580,4433000
HDB,2022-02-07,12780,12990,12660,12660,5636100
HDB,2022-02-08,12690,12950,12580,12780,5773600
HDB,2022-02-09,12910,13240,12830,12870,7762300
HDB,2022-02-10,12750,12890,12610,12830,5831800
HDB,2022-02-11,12780,12890,12660,12710,4089300
HDB,2022-02-14,12420,12550,11890,11890,15851700
HDB,2022-02-15,11890,12100,11750,12010,5535200
HDB,2022-02-16,12140,12160,11850,11910,4300300
HDB,2022-02-17,11970,12110,11890,12110,3130000
HDB,2022-02-18,11970,12060,11890,12010,3744200
HDB,2022-02-21,11940,12080,11750,12060,6166700
HDB,2022-02-22,11870,12080,11790,12040,4648000
HDB,2022-02-23,12060,12180,12010,12080,4830000
HDB,2022-02-24,12010,12040,11400,11740,14817600
HDB,2022-02-25,11890,12040,11850,11910,4047700
HDB,2022-02-28,11940,11950,11660,11740,4814300
HDB,2022-03-01,11740,11770,11540,11630,6802600
HDB,2022-03-02,11500,11570,11120,11140,11479300
HDB,2022-03-03,11280,11500,11120,11500,4099800
HDB,2022-03-04,11610,11610,11400,11400,3674300
HDB,2022-03-07,11280,11280,11060,11160,6973600
HDB,2022-03-08,11160,11240,11120,11140,4817700
HDB,2022-03-09,11120,11200,11000,11000,4310900
HDB,2022-03-10,11220,11220,10970,10970,4006000
HDB,2022-03-11,10970,11160,10960,11120,2941600
HDB,2022-03-14,11100,11140,10970,11040,2358200
HDB,2022-03-15,11060,11170,11040,11080,2024200
HDB,2022-03-16,11160,11160,11000,11060,3690400
HDB,2022-03-17,11170,11320,11100,11200,3335700
HDB,2022-03-18,11340,11470,11240,11240,2331600
HDB,2022-03-21,11240,11530,11240,11530,3361200
HDB,2022-03-22,11580,11610,11470,11530,3100400
HDB,2022-03-23,11570,11610,11400,11400,2676600
HDB,2022-03-24,11400,11530,11320,11450,2563200
HDB,2022-03-25,11450,11480,11380,11380,2374000
HDB,2022-03-28,11280,11480,11120,11160,3373300
HDB,2022-03-29,11170,11280,11100,11220,1814800
HDB,2022-03-30,11280,11570,11240,11530,5840700
HDB,2022-03-31,11660,11690,11470,11540,2562900
HDB,2022-04-01,11450,11990,11400,11990,7510400
HDB,2022-04-04,12180,12180,11810,11850,5171400
HDB,2022-04-05,11850,12010,11700,11700,2532700
HDB,2022-04-06,11650,11910,11630,11810,4630400
HDB,2022-04-07,11870,12010,11770,11770,6900400
HDB,2022-04-08,11810,11910,11500,11500,2462900
HDB,2022-04-12,11500,11530,11240,11320,3126000
HDB,2022-04-13,11320,11500,11200,11400,3384900
HDB,2022-04-14,11400,11450,11120,11120,3783800
HDB,2022-04-15,11120,11200,10690,10710,5895200
HDB,2022-04-18,10710,10870,10420,10590,3617400
HDB,2022-04-19,10760,10790,10530,10550,3081000
HDB,2022-04-20,10550,10680,10470,10490,3150300
HDB,2022-04-21,10470,10510,9810,10140,4749600
HDB,2022-04-22,10240,10470,10060,10240,3343400
HDB,2022-04-25,10240,10350,9530,9590,4043700
HDB,2022-04-26,9370,10020,9250,9980,4387900
HDB,2022-04-27,9790,10260,9770,10190,2477600
HDB,2022-04-28,10190,10370,10190,10260,2841700
HDB,2022-04-29,10320,10370,10190,10310,2248100
HDB,2022-05-04,10280,10310,10100,10100,2188600
HDB,2022-05-05,10190,10260,9980,10240,1473300
HDB,2022-05-06,9890,10100,9770,9790,2186300
HDB,2022-05-09,9590,9760,9280,9370,4028300
HDB,2022-05-10,9200,9850,9120,9790,3446700
HDB,2022-05-11,9810,9980,9680,9890,1473500
HDB,2022-05-12,9770,9790,9280,9350,2914500
HDB,2022-05-13,9320,9480,8760,9040,4888300
HDB,2022-05-16,9320,9350,8960,9160,2452800
HDB,2022-05-17,9320,9770,8980,9770,2515100
HDB,2022-05-18,9770,9920,9610,9770,2847700
HDB,2022-05-19,9630,9930,9470,9890,3109400
HDB,2022-05-20,9890,10060,9770,9920,2321500
HDB,2022-05-23,10020,10040,9630,9850,2385600
HDB,2022-05-24,9810,10020,9720,10020,2350200
HDB,2022-05-25,10020,10450,10020,10450,3348900
HDB,2022-05-26,10310,10510,10310,10400,1879100
HDB,2022-05-27,10390,10530,10310,10510,1672700
HDB,2022-05-30,10630,10630,10470,10530,1969700
HDB,2022-05-31,10530,10630,10470,10630,2242700
HDB,2022-06-01,10630,10770,10420,10660,2355800
HDB,2022-06-02,10660,10680,10530,10590,1996500
HDB,2022-06-03,10550,10590,10260,10350,1109800
HDB,2022-06-06,10260,10490,10190,10310,1590300
HDB,2022-06-07,10310,10400,10100,10310,1542300
HDB,2022-06-08,10390,10690,10200,10570,2656600
HDB,2022-06-09,10490,10590,10470,10510,865000
HDB,2022-06-10,10510,10760,10390,10550,3244500
HDB,2022-06-13,10190,10420,9980,10000,2229000
HDB,2022-06-14,9810,10310,9810,10140,2729000
HDB,2022-06-15,10190,10190,9760,9980,3231500
HDB,2022-06-16,10020,10390,9930,10160,2201600
HDB,2022-06-17,9930,10080,9730,10020,2041400
HDB,2022-06-20,10020,10020,9530,9680,1923600
HDB,2022-06-21,9450,9770,9450,9610,1663100
HDB,2022-06-22,9610,9810,9610,9610,1570400
HDB,2022-06-23,9610,9650,9470,9580,997000
HDB,2022-06-24,9770,9770,9370,9370,2243200
HDB,2022-06-27,9410,9550,9370,9510,1268100
HDB,2022-06-28,9480,10020,9450,9890,2159200
HDB,2022-06-29,9610,10060,9610,9930,1397100
HDB,2022-06-30,10020,10120,9770,9770,2399900
HDB,2022-07-01,9730,9980,9550,9980,2049800
HDB,2022-07-04,10060,10100,9960,10000,1048500
HDB,2022-07-05,9960,10160,9960,10080,2225700
HDB,2022-07-06,9980,10040,9580,9720,3078000
HDB,2022-07-07,9720,9850,9690,9770,1007500
HDB,2022-07-08,9790,9840,9650,9650,1115300
HDB,2022-07-11,9550,9630,9320,9320,1518800
HDB,2022-07-12,9370,9580,9370,9580,770300
HDB,2022-07-13,9580,9770,9530,9650,1282900
HDB,2022-07-14,9650,9680,9470,9650,1603600
HDB,2022-07-15,9650,9760,9590,9610,1566300
HDB,2022-07-18,9760,9760,9580,9580,787300
HDB,2022-07-19,9580,9590,9470,9530,848900
HDB,2022-07-20,9690,9760,9630,9720,1318300
HDB,2022-07-21,9770,9930,9770,9790,2225400
HDB,2022-07-22,9790,9850,9690,9690,1149300
HDB,2022-07-25,9590,9690,9590,9610,793000
HDB,2022-07-26,9610,9680,9580,9610,823200
HDB,2022-07-27,9610,9730,9550,9730,692700
HDB,2022-07-28,9840,9980,9760,9930,2767900
HDB,2022-07-29,10040,10040,9840,9840,1777600
HDB,2022-08-01,9850,10100,9850,10060,2445900
HDB,2022-08-02,10020,10200,10020,10120,1942800
HDB,2022-08-03,10100,10140,10020,10120,1828300
HDB,2022-08-04,10190,10320,10060,10140,2244800
HDB,2022-08-05,10100,10100,9980,10060,1668400
HDB,2022-08-08,10140,10230,10060,10190,2331400
HDB,2022-08-09,10190,10260,10140,10240,3084200
HDB,2022-08-10,10240,10260,10140,10200,1973800
HDB,2022-08-11,10310,10420,10280,10310,4795700
HDB,2022-08-12,10350,10370,10280,10350,1486600
HDB,2022-08-15,10420,10710,10370,10710,4823100
HDB,2022-08-16,10710,10760,10590,10730,2330800
HDB,2022-08-17,10730,10920,10730,10890,4696900
HDB,2022-08-18,10930,10960,10790,10920,5013300
HDB,2022-08-19,10760,10870,10690,10690,3826300
HDB,2022-08-22,10660,10660,10370,10370,2751700
HDB,2022-08-23,10370,10490,10200,10470,2488600
HDB,2022-08-24,10590,10630,10470,10550,1560000
HDB,2022-08-25,10470,10770,10470,10770,2176200
HDB,2022-08-26,10870,10870,10710,10710,2083700
HDB,2022-08-29,10550,10590,10310,10570,2814100
HDB,2022-08-30,10590,10730,10550,10710,1632200
HDB,2022-08-31,10660,10870,10590,10870,2386100
HDB,2022-09-05,10810,10870,10610,10760,1320000
HDB,2022-09-06,10760,10930,10680,10870,2019300
HDB,2022-09-07,10890,11100,10630,10630,4550200
HDB,2022-09-08,11000,11000,10390,10390,1921700
HDB,2022-09-09,10590,10590,10190,10510,1653200
HDB,2022-09-12,10760,10760,10450,10450,1065300
HDB,2022-09-13,10590,10590,10390,10550,743300
HDB,2022-09-14,10260,10370,10230,10260,1933100
HDB,2022-09-15,10510,10510,10200,10240,1009300
HDB,2022-09-16,10310,10390,10190,10190,987900
HDB,2022-09-19,10310,10310,9890,9980,1335900
HDB,2022-09-20,10140,10140,9850,10100,672700
HDB,2022-09-21,10160,10160,9920,10060,818200
HDB,2022-09-22,10000,10060,9890,10060,664200
HDB,2022-09-23,9980,10100,9890,9890,833900
HDB,2022-09-26,9840,9840,9480,9550,2621100
HDB,2022-09-27,9580,9920,9580,9820,1594200
HDB,2022-09-28,9580,9800,9580,9750,866700
HDB,2022-09-29,9750,9850,9730,9750,1383700
HDB,2022-09-30,9450,9890,9450,9750,2310500
HDB,2022-10-03,9470,9750,9310,9370,1385800
HDB,2022-10-04,9390,9680,9310,9420,2228800
HDB,2022-10-05,9680,9690,9420,9420,1523000
HDB,2022-10-06,9350,9680,9160,9240,1398600
HDB,2022-10-07,8940,9160,8660,8880,3189500
HDB,2022-10-10,8760,8780,8330,8610,3301800
HDB,2022-10-11,8500,8660,8090,8250,4543200
HDB,2022-10-12,8300,8660,8170,8550,2042400
HDB,2022-10-13,8810,8830,8480,8550,1504700
HDB,2022-10-14,8780,8880,8570,8660,1021900
HDB,2022-10-17,8550,8610,8220,8400,1405000
HDB,2022-10-18,8630,8630,8400,8550,1121300
HDB,2022-10-19,8660,8730,8460,8500,658800
HDB,2022-10-20,8660,8660,7920,8550,2614200
HDB,2022-10-21,8660,8660,8250,8400,1821700
HDB,2022-10-24,8400,8460,8020,8119,2220500
HDB,2022-10-25,8090,8400,7840,8150,1694800
HDB,2022-10-26,8150,8200,7940,8119,920400
HDB,2022-10-27,8119,8460,7970,8460,2175400
HDB,2022-10-28,8480,8550,8300,8400,1395000
HDB,2022-10-31,8300,8460,8150,8350,1557600
HDB,2022-11-01,8400,8680,8350,8460,3493500
HDB,2022-11-02,8460,8480,8270,8370,1795400
HDB,2022-11-03,8200,8370,8150,8150,1892200
HDB,2022-11-04,8000,8150,7590,7840,7049900
HDB,2022-11-07,8000,8000,7300,7300,4888900
HDB,2022-11-08,6800,7390,6800,7390,6443500
HDB,2022-11-09,7330,7630,7330,7530,4329300
HDB,2022-11-10,7390,7510,7080,7430,3820600
HDB,2022-11-11,7430,7610,7430,7530,2205600
HDB,2022-11-14,7020,7490,7020,7430,6647100
HDB,2022-11-15,7390,7430,6950,7120,3659800
HDB,2022-11-16,6920,7590,6650,7590,3977400
HDB,2022-11-17,7490,7920,7490,7800,3941100
HDB,2022-11-18,7800,7800,7330,7630,2423900
HDB,2022-11-21,7800,7800,7460,7530,1269200
HDB,2022-11-22,7630,7730,7430,7460,1480900
HDB,2022-11-23,7630,7630,7430,7460,939500
HDB,2022-11-24,7590,7590,7330,7530,912700
HDB,2022-11-25,7610,7610,7510,7610,945600
HDB,2022-11-28,7630,7920,7630,7870,1754000
HDB,2022-11-29,7890,8020,7630,7870,1844100
HDB,2022-11-30,7890,8020,7720,7920,2034700
HDB,2022-12-01,8150,8220,7970,8119,3183800
HDB,2022-12-02,8200,8400,8200,8400,2276600
HDB,2022-12-05,8700,8730,8480,8630,3911000
HDB,2022-12-06,8880,8880,8350,8350,5460300
HDB,2022-12-07,8330,8400,8070,8090,1569900
HDB,2022-12-08,8300,8530,8250,8400,4564600
HDB,2022-12-09,8660,8660,8400,8550,2828900
HDB,2022-12-12,8730,8730,8250,8250,3855500
HDB,2022-12-13,8550,8550,8200,8370,3731900
HDB,2022-12-14,8480,8480,8350,8370,2416000
HDB,2022-12-15,8500,8550,8370,8530,5372600
HDB,2022-12-16,8530,8880,8530,8810,6009700
HDB,2022-12-19,8910,9110,8830,8830,4321600
HDB,2022-12-20,8860,8910,8330,8480,6344800
HDB,2022-12-21,8660,8660,8400,8550,2288900
HDB,2022-12-22,8660,8730,8500,8570,1303400
HDB,2022-12-23,8610,8660,8530,8660,1302300
HDB,2022-12-26,8660,8760,8220,8270,2065400
HDB,2022-12-27,8350,8350,8270,8300,399100
HDB,2022-12-27,8300,8400,8250,8330,2151200
HDB,2022-12-28,8350,8400,8150,8250,1180400
HDB,2022-12-29,8119,8350,8090,8090,1361200
HDB,2022-12-30,8090,8119,7970,8119,1525800
HDB,2023-01-03,8200,8400,8090,8400,946300
HDB,2023-01-04,8550,8550,8330,8330,1634700
HDB,2023-01-05,8350,8400,8300,8350,2027600
HDB,2023-01-06,8350,8610,8330,8370,1712400
HDB,2023-01-09,8460,8570,8420,8530,1219200
HDB,2023-01-10,8570,8570,8400,8530,1018300
HDB,2023-01-11,8530,8610,8460,8500,2548800
HDB,2023-01-12,8500,8610,8460,8460,752000
HDB,2023-01-13,8550,8630,8460,8480,1976100
HDB,2023-01-16,8570,8660,8500,8610,2329200
HDB,2023-01-17,8700,8780,8660,8780,1924400
HDB,2023-01-18,8860,9040,8780,8880,2425400
HDB,2023-01-19,8960,9070,8860,8910,2909600
HDB,2023-01-27,9140,9160,8980,9010,1546900
HDB,2023-01-30,9110,9310,9010,9290,3766500
HDB,2023-01-31,9290,9490,9190,9490,3538500
HDB,2023-02-01,9520,9920,9520,9680,5421700
HDB,2023-02-02,9680,9690,9350,9350,2459300
HDB,2023-02-03,9420,9450,9070,9450,2494000
HDB,2023-02-06,9310,9420,9190,9420,1709800
HDB,2023-02-07,9420,9470,9160,9160,1096800
HDB,2023-02-08,9070,9370,9010,9310,1806900
HDB,2023-02-09,9310,9390,9070,9270,1714800
HDB,2023-02-10,9160,9310,9110,9240,1596100
HDB,2023-02-13,9160,9190,8880,9190,1903400
HDB,2023-02-14,9160,9270,8980,8980,1486800
HDB,2023-02-15,8980,9190,8960,9070,1811500
HDB,2023-02-16,9040,9420,9040,9420,2971500
HDB,2023-02-17,9290,9390,9210,9390,1997300
HDB,2023-02-20,9390,9580,9310,9580,2806900
HDB,2023-02-21,9580,9680,9470,9680,3492800
HDB,2023-02-22,9620,9680,9420,9420,1912300
HDB,2023-02-23,9350,9350,8960,9190,2996200
HDB,2023-02-24,9080,9270,8910,8910,1578400
HDB,2023-02-27,8910,8910,8610,8610,1971100
HDB,2023-02-28,8660,8880,8660,8680,1218400
HDB,2023-03-01,8680,9070,8480,9010,1535500
HDB,2023-03-02,8960,9160,8940,9160,1843400
HDB,2023-03-03,9160,9190,8860,9070,1240100
HDB,2023-03-06,9080,9290,8910,9160,3111700
HDB,2023-03-07,9110,9470,9110,9420,3500800
HDB,2023-03-08,9160,9470,9160,9470,2053200
HDB,2023-03-09,9420,9520,9270,9420,1197800
HDB,2023-03-10,9270,9420,9190,9420,1476300
HDB,2023-03-13,9270,9470,9210,9390,2748900
HDB,2023-03-14,9240,9390,9190,9190,1783200
HDB,2023-03-15,9290,9520,9290,9420,1620500
HDB,2023-03-16,9420,9520,8960,9080,2118500
HDB,2023-03-17,9270,9420,9110,9420,2990200
HDB,2023-03-20,9210,9240,8960,9070,2908600
HDB,2023-03-21,9160,9160,8830,8860,5107700
HDB,2023-03-22,9010,9070,8860,8980,2893000
HDB,2023-03-23,8980,9040,8910,9040,1779700
HDB,2023-03-24,9010,9270,9010,9190,1377400
HDB,2023-03-27,9270,9290,9110,9160,830600
HDB,2023-03-28,9270,9310,9140,9190,1908500
HDB,2023-03-29,9270,9350,9190,9240,1030000
HDB,2023-03-30,9310,9620,9310,9520,5676900
HDB,2023-03-31,9520,9890,9520,9770,5338000
HDB,2023-04-03,9900,9920,9680,9850,2659200
HDB,2023-04-04,9770,9820,9690,9730,2170600
HDB,2023-04-05,9820,10030,9770,10030,4436600
HDB,2023-04-06,10030,10230,9950,10030,4943500
HDB,2023-04-07,9920,10000,9770,9900,2313000
HDB,2023-04-10,9920,10060,9920,9980,3455900
HDB,2023-04-11,9980,10030,9820,10000,2205100
HDB,2023-04-12,9950,10030,9950,9980,2621900
HDB,2023-04-13,10000,10030,9820,9980,1897300
HDB,2023-04-14,10060,10060,9920,9950,2075200
HDB,2023-04-17,9850,9920,9820,9820,1286900
HDB,2023-04-18,9820,9890,9730,9850,1687600
HDB,2023-04-19,9850,9850,9730,9730,1085100
HDB,2023-04-20,9690,9820,9680,9770,829200
HDB,2023-04-21,9770,9770,9580,9770,1457200
HDB,2023-04-24,9730,9770,9490,9550,1204500
HDB,2023-04-25,9550,9600,9310,9310,1370800
HDB,2023-04-26,9350,9620,9310,9490,1311600
HDB,2023-04-27,9620,9690,9490,9680,822100
HDB,2023-04-28,9680,9730,9580,9620,1022200
HDB,2023-05-04,9520,9650,9520,9600,741300
HDB,2023-05-05,9580,9680,9490,9680,1015100
HDB,2023-05-08,9730,9850,9690,9850,2371600
HDB,2023-05-09,9820,9890,9690,9690,1093300
HDB,2023-05-10,9770,9770,9680,9730,835100
HDB,2023-05-11,9770,9820,9730,9750,1223300
HDB,2023-05-12,9890,9890,9770,9890,1343300
HDB,2023-05-15,9890,10000,9890,9890,2564800
HDB,2023-05-16,9920,9950,9890,9920,1503500
HDB,2023-05-17,9920,9980,9900,9980,1561500
HDB,2023-05-18,9980,9980,9850,9890,1861800
HDB,2023-05-19,9950,9950,9800,9890,1478700
HDB,2023-05-22,9820,9920,9820,9890,1704300
HDB,2023-05-23,9920,9950,9890,9890,1633100
HDB,2023-05-24,9920,9980,9890,9920,1704900
HDB,2023-05-25,9920,9920,9850,9920,1669200
HDB,2023-05-26,9950,9950,9890,9920,1205500
HDB,2023-05-29,9980,10140,9980,10090,2299100
HDB,2023-05-30,10140,10140,9980,10090,2316000
HDB,2023-05-31,10010,10040,9850,9880,1943600
HDB,2023-06-01,9880,9980,9720,9980,2472700
HDB,2023-06-02,10040,10250,10010,10230,4897100
HDB,2023-06-05,10310,10360,10170,10230,3206800
HDB,2023-06-06,10190,10310,10140,10310,3518300
HDB,2023-06-07,10310,10310,10170,10190,1879500
HDB,2023-06-08,10250,10250,10040,10040,2181900
HDB,2023-06-09,10010,10060,9880,9920,2312200
HDB,2023-06-12,10040,10040,9850,9880,2593000
HDB,2023-06-13,9900,9980,9880,9980,1137000
HDB,2023-06-14,9920,10120,9920,10010,2281900
HDB,2023-06-15,10010,10040,9920,10010,1730300
HDB,2023-06-16,10010,10170,9980,9980,3510800
HDB,2023-06-19,9920,9980,9850,9850,2289700
HDB,2023-06-20,9850,10040,9770,10040,2589900
HDB,2023-06-21,9950,10010,9880,10010,1644700
HDB,2023-06-22,10040,10120,9980,10040,2142600
HDB,2023-06-23,10040,10120,9950,10010,2048700
HDB,2023-06-26,10010,10140,9980,10090,1944200
HDB,2023-06-27,10060,10090,10010,10040,1765100
HDB,2023-06-28,10040,10090,9980,10060,1909900
HDB,2023-06-29,10060,10090,9820,9850,3030800
HDB,2023-06-30,9920,10060,9820,9980,3043000
HDB,2023-07-03,10010,10060,9900,9900,1849600
HDB,2023-07-04,9920,10040,9900,9950,1666900
HDB,2023-07-05,10010,10010,9900,9900,2811300
HDB,2023-07-06,9900,9920,9720,9770,4066200
HDB,2023-07-07,9770,9880,9740,9850,2186200
HDB,2023-07-10,9880,9920,9790,9850,3252500
HDB,2023-07-11,9850,9980,9850,9980,2771300
HDB,2023-07-12,10010,10010,9900,9950,1460900
HDB,2023-07-13,9950,10010,9900,9980,1681400
HDB,2023-07-14,10040,10140,9950,10140,4626100
HDB,2023-07-17,10190,10190,10090,10140,2931400
HDB,2023-07-18,10170,10170,10090,10140,3376800
HDB,2023-07-19,10420,10420,10310,10390,3317800
HDB,2023-07-20,10460,10490,10390,10490,4674400
HDB,2023-07-21,10490,10620,10370,10620,3817000
HDB,2023-07-24,10680,10680,10550,10650,2302500
HDB,2023-07-25,10580,10680,10530,10620,3664100
HDB,2023-07-26,10620,10620,10530,10620,2965200
HDB,2023-07-27,10620,10960,10550,10620,7347400
HDB,2023-07-28,10650,10680,10580,10650,2838800
HDB,2023-07-31,10620,10730,10620,10700,3003900
HDB,2023-08-01,10860,10890,10730,10830,4472400
HDB,2023-08-02,10830,10830,10700,10730,1483100
HDB,2023-08-03,10730,10830,10620,10620,2243400
HDB,2023-08-04,10650,10700,10580,10580,3101900
HDB,2023-08-07,10680,10800,10650,10700,3127800
HDB,2023-08-08,10730,10800,10680,10700,3477800
HDB,2023-08-09,10730,10730,10580,10680,2485900
HDB,2023-08-10,10700,10770,10580,10620,1974900
HDB,2023-08-11,10650,10650,10460,10530,2731900
HDB,2023-08-14,10530,10580,10490,10580,2092200
HDB,2023-08-15,10620,10650,10490,10530,1809300
HDB,2023-08-16,10550,10620,10490,10580,1760000
HDB,2023-08-17,10580,10650,10490,10580,2543900
HDB,2023-08-18,10550,10550,9960,10000,4760000
HDB,2023-08-21,9880,10190,9880,10000,4696500
HDB,2023-08-22,10000,10120,9780,10120,3152000
HDB,2023-08-23,10030,10120,9910,9930,1948100
HDB,2023-08-24,9930,10120,9910,10000,2153600
HDB,2023-08-25,9930,10090,9930,10030,1763200
HDB,2023-08-28,9960,10060,9960,10060,1827900
HDB,2023-08-29,10000,10060,9930,10000,2955000
HDB,2023-08-30,10030,10090,10000,10090,2390100
HDB,2023-08-31,10060,10390,10060,10390,3855000
HDB,2023-09-05,10420,10580,10340,10550,5114500
HDB,2023-09-06,10550,10620,10460,10620,3689900
HDB,2023-09-07,10620,10700,10580,10680,4474200
HDB,2023-09-08,10620,10700,10550,10700,5683200
HDB,2023-09-11,10770,10800,10550,10550,8078300
HDB,2023-09-12,10580,10730,10490,10730,6726100
HDB,2023-09-13,10730,10800,10650,10770,8030300
HDB,2023-09-14,10770,10860,10680,10800,6838600
HDB,2023-09-15,10830,11110,10800,11110,10132500
HDB,2023-09-18,11110,11140,10800,10860,11791700
HDB,2023-09-19,10890,10930,10700,10930,10940200
HDB,2023-09-20,10930,11110,10860,11010,8736000
HDB,2023-09-21,11010,11010,10830,10830,8719500
HDB,2023-09-22,10770,10860,10550,10830,7117400
HDB,2023-09-25,10770,10860,10650,10730,8750100
HDB,2023-09-26,10680,10800,10550,10730,9384000
HDB,2023-09-27,10650,10730,10550,10730,6437000
HDB,2023-09-28,10700,10730,10420,10680,11970300
HDB,2023-09-29,10700,10730,10620,10700,10383800
HDB,2023-10-02,10700,10770,10550,10550,7123300
HDB,2023-10-03,10550,10550,10340,10550,10069400
HDB,2023-10-04,10530,10550,10390,10550,9190400
HDB,2023-10-05,10550,10580,10390,10460,9319700
HDB,2023-10-06,10460,10550,10390,10550,7610000
HDB,2023-10-09,10530,10580,10420,10530,8401500
HDB,2023-10-10,10580,10800,10550,10730,7854100
HDB,2023-10-11,10770,10860,10650,10860,8956800
HDB,2023-10-12,10890,10930,10730,10800,6639300
HDB,2023-10-13,10770,10860,10680,10860,8262000
HDB,2023-10-16,10830,10890,10700,10730,7670600
HDB,2023-10-17,10930,10990,10800,10830,9323500
HDB,2023-10-18,10860,10890,10700,10830,8172200
HDB,2023-10-19,10800,10830,10700,10800,7931200
HDB,2023-10-20,10800,10960,10730,10960,8989100
HDB,2023-10-23,10960,10960,10620,10800,8449800
HDB,2023-10-24,10800,10860,10650,10830,7780000
HDB,2023-10-25,10830,10860,10680,10800,7664200
HDB,2023-10-26,10700,10730,10220,10490,5933000
HDB,2023-10-27,10530,10700,10390,10650,7208200
HDB,2023-10-30,10620,10770,10550,10620,7632500
HDB,2023-10-31,10770,10770,10490,10620,7865700
HDB,2023-11-01,10620,10650,10530,10650,7256900
HDB,2023-11-02,10680,10860,10580,10860,9040800
HDB,2023-11-03,10860,11320,10830,11320,15668700
HDB,2023-11-06,11320,11350,11170,11270,9612600
HDB,2023-11-07,11270,11270,11110,11110,9459300
HDB,2023-11-08,11080,11600,11080,11600,10381300
HDB,2023-11-09,11660,11660,11540,11570,10084300
HDB,2023-11-10,11540,11630,11350,11630,11128800
HDB,2023-11-13,11630,11660,11350,11600,10662200
HDB,2023-11-14,11630,11700,11450,11570,9038100
HDB,2023-11-15,11730,11810,11660,11660,10047000
HDB,2023-11-16,11760,11760,11570,11700,7934600
HDB,2023-11-17,11700,11730,11270,11420,7864400
HDB,2023-11-20,11230,11600,11200,11540,7708400
HDB,2023-11-21,11570,11600,11420,11540,6718100
HDB,2023-11-22,11570,11600,11390,11470,6671100
HDB,2023-11-23,11500,11500,11140,11140,7224200
HDB,2023-11-24,11170,11350,11140,11300,5753900
HDB,2023-11-27,11350,11350,11010,11170,6316400
HDB,2023-11-28,11170,11200,10990,11140,5363700
HDB,2023-11-29,11170,11350,11080,11140,6975600
HDB,2023-11-30,11110,11200,11040,11110,5982100
HDB,2023-12-01,11140,11230,11010,11230,6751200
HDB,2023-12-04,11270,11470,11170,11420,6760300
HDB,2023-12-05,11420,11420,11200,11390,6510300
HDB,2023-12-06,11470,11600,11390,11470,7980800
HDB,2023-12-07,11540,11600,11300,11540,9195000
HDB,2023-12-08,11540,11600,11470,11570,7912100
HDB,2023-12-11,11600,11630,11420,11570,6788500
HDB,2023-12-12,11600,11600,11470,11600,7046000
HDB,2023-12-13,11600,11660,11500,11630,7051100
HDB,2023-12-14,11630,11730,11570,11660,6708900
HDB,2023-12-15,11660,11760,11600,11730,7306900
HDB,2023-12-18,11760,11760,11230,11350,7224800
HDB,2023-12-19,11350,11700,11200,11700,6933300
HDB,2023-12-20,11700,11700,11350,11600,7029100
HDB,2023-12-21,11500,11630,11320,11570,6504600
HDB,2023-12-22,11570,11700,11450,11700,7004900
HDB,2023-12-25,11700,11810,11630,11810,6814400
HDB,2023-12-26,11850,11850,11700,11850,6645500
HDB,2023-12-27,11850,11910,11810,11910,6479900
HDB,2023-12-28,11850,11940,11730,11940,8523600
HDB,2023-12-29,11970,12530,11810,12530,12437600
HDB,2024-01-02,12340,12500,12160,12280,6716700
HDB,2024-01-03,12280,12340,12220,12340,8191900
HDB,2024-01-04,12380,12680,12310,12580,11205900
HDB,2024-01-05,12580,12650,12470,12650,6534200
HDB,2024-01-08,12680,12810,12620,12680,5512500
HDB,2024-01-09,12680,12710,12580,12680,6278100
HDB,2024-01-10,12680,12780,12580,12780,6372700
HDB,2024-01-11,12780,12870,12740,12840,5494800
HDB,2024-01-12,12840,12890,12650,12890,5939300
HDB,2024-01-15,12930,12960,12740,12960,6596800
HDB,2024-01-16,12930,12990,12840,12960,6365800
HDB,2024-01-17,12960,12960,12680,12870,7111200
HDB,2024-01-18,12870,12890,12780,12840,5720600
HDB,2024-01-19,12840,12930,12810,12930,7102600
HDB,2024-01-22,12960,13090,12840,13090,7951600
HDB,2024-01-23,13090,13120,12840,12960,6413600
HDB,2024-01-24,12960,13050,12870,13050,7038900
HDB,2024-01-25,13050,13050,12890,12990,5419800
HDB,2024-01-26,12990,13180,12990,13150,6671900
HDB,2024-01-29,13150,13200,13120,13200,5915200
HDB,2024-01-30,13240,13550,13200,13490,6298600
HDB,2024-01-31,13490,13580,13270,13460,5774700
HDB,2024-02-01,13460,13510,13390,13460,6251200
HDB,2024-02-02,13460,13790,13460,13790,9315300
HDB,2024-02-05,13790,14010,13700,13970,9564100
HDB,2024-02-06,13970,14230,13950,14200,6045600
HDB,2024-02-07,14230,14530,14160,14530,5967300
HDB,2024-02-15,14600,14690,14350,14600,6878100
HDB,2024-02-16,14570,14600,14320,14380,6111700
HDB,2024-02-19,14380,14410,14160,14410,6618400
HDB,2024-02-20,14380,14600,14200,14570,6840900
HDB,2024-02-21,14530,14660,14320,14500,6161800
HDB,2024-02-22,14500,14500,14130,14130,7166400
HDB,2024-02-23,14130,14230,13890,13890,7478000
HDB,2024-02-26,13890,14130,13860,14010,5605100
HDB,2024-02-27,14010,14200,13920,14010,6314600
HDB,2024-02-28,14010,14320,14010,14320,6189000
HDB,2024-02-29,14320,14440,14280,14380,6024000
HDB,2024-03-01,14380,14410,14160,14380,6105500
HDB,2024-03-04,14380,14410,14260,14380,5918000
HDB,2024-03-05,14380,14500,14200,14500,6840800
HDB,2024-03-06,14410,14500,14160,14470,4532500
HDB,2024-03-07,14260,14440,14260,14280,5641400
HDB,2024-03-08,14280,14280,14040,14200,6184400
HDB,2024-03-11,14200,14280,14040,14260,6432300
HDB,2024-03-12,14230,14230,13860,14160,6583000
HDB,2024-03-13,14160,14320,13950,14260,6348800
HDB,2024-03-14,14280,14280,14040,14160,5685700
HDB,2024-03-15,14070,14260,13970,14200,5970800
HDB,2024-03-18,14200,14230,13760,13760,6625200
HDB,2024-03-19,13760,13790,13300,13790,8886200
HDB,2024-03-20,13820,14070,13460,13950,6221500
HDB,2024-03-21,13970,14750,13920,14750,11192400
HDB,2024-03-22,14750,14780,14600,14690,6529100
HDB,2024-03-25,14690,14690,14410,14530,6285100
HDB,2024-03-26,14500,14940,14440,14940,7234100
HDB,2024-03-27,15000,15120,14780,14900,5709200
HDB,2024-03-28,14810,14970,14810,14970,5404000
HDB,2024-03-29,15000,15000,14690,14870,6435200
HDB,2024-04-01,14870,14900,14600,14810,6006100
HDB,2024-04-02,14630,14780,14500,14750,5775100
HDB,2024-04-03,14720,14750,14410,14440,6572300
HDB,2024-04-04,14440,14690,14410,14410,6108000
HDB,2024-04-05,14380,14630,14320,14410,6316400
HDB,2024-04-08,14410,14810,14380,14750,8077300
HDB,2024-04-09,14750,14840,14630,14780,5817400
HDB,2024-04-10,14810,14840,14570,14780,6265700
HDB,2024-04-11,14630,14810,14500,14810,5637400
HDB,2024-04-12,14810,15060,14600,15000,8521700
HDB,2024-04-15,14970,15030,14380,14500,9741700
HDB,2024-04-16,14500,14600,14200,14500,7196500
HDB,2024-04-17,14530,14530,13820,14200,8715000
HDB,2024-04-19,14010,14040,13510,13730,9469500
HDB,2024-04-22,13760,13970,13700,13820,8545200
HDB,2024-04-23,13700,13860,13330,13700,8711200
HDB,2024-04-24,13760,13950,13700,13820,9415200
HDB,2024-04-25,13820,13970,13730,13890,7367500
HDB,2024-04-26,13890,14570,13790,14570,9976900
HDB,2024-05-02,14570,14600,14410,14600,6123700
HDB,2024-05-03,14600,15090,14600,15090,11392400
HDB,2024-05-06,15120,15120,14720,15000,9083800
HDB,2024-05-07,15060,15060,14720,15000,6996600
HDB,2024-05-08,14970,15000,14720,14870,6259500
HDB,2024-05-09,14870,14940,14530,14630,7124300
HDB,2024-05-10,14660,14690,14440,14630,6753500
HDB,2024-05-13,14630,14660,14350,14350,6528400
HDB,2024-05-14,14380,14630,14380,14380,6836900
HDB,2024-05-15,14410,14570,14380,14500,6983600
HDB,2024-05-16,14570,14970,14530,14940,9088200
HDB,2024-05-17,14970,15150,14840,15000,8257100
HDB,2024-05-20,15030,15490,15030,15340,10556100
HDB,2024-05-21,15340,15370,15060,15240,6284700
HDB,2024-05-22,15270,15270,15030,15030,5713600
HDB,2024-05-23,15060,15240,14810,15240,5823600
HDB,2024-05-24,15120,15270,14810,14940,7296000
HDB,2024-05-27,14940,15000,14630,14690,6142300
HDB,2024-05-28,14750,14900,14530,14900,7228400
HDB,2024-05-29,14900,14900,14470,14470,11282600
HDB,2024-05-30,14380,14410,14070,14260,8706000
HDB,2024-05-31,14280,14380,14260,14350,4346800
HDB,2024-06-03,14410,14810,14380,14810,6683600
HDB,2024-06-04,14870,14900,14690,14780,4858200
HDB,2024-06-05,14810,14900,14630,14630,5265400
HDB,2024-06-06,14630,14780,14500,14630,5849100
HDB,2024-06-07,14660,14720,14530,14630,4588000
HDB,2024-06-10,14660,14750,14600,14750,5190200
HDB,2024-06-11,14780,14810,14500,14530,6377300
HDB,2024-06-12,14570,14810,14440,14810,6457000
HDB,2024-06-13,14940,14970,14750,14870,8022300
HDB,2024-06-14,14940,14970,14780,14780,7372600
HDB,2024-06-17,14780,14810,14380,14530,8354900
HDB,2024-06-18,14570,14660,14500,14630,6053600
HDB,2024-06-19,14660,14660,14380,14630,6746800
HDB,2024-06-20,14600,14660,14380,14570,7769900
HDB,2024-06-21,14570,14570,14280,14280,7157200
HDB,2024-06-24,14280,14350,13790,13790,9514100
HDB,2024-06-25,13790,14010,13760,13950,10135900
HDB,2024-06-26,13950,14010,13890,14010,6524500
HDB,2024-06-27,14010,14350,13890,14160,8826400
HDB,2024-06-28,14160,14200,14010,14200,7278900
HDB,2024-07-01,14200,14280,14070,14260,5484400
HDB,2024-07-02,14280,14940,14280,14870,16713500
HDB,2024-07-03,14940,15120,14940,15120,11840200
HDB,2024-07-04,15180,15180,15000,15150,8139900
HDB,2024-07-05,15180,15180,14940,15060,8580700
HDB,2024-07-08,15120,15120,14940,15060,7293100
HDB,2024-07-09,15000,15610,15000,15580,14658800
HDB,2024-07-10,15580,15680,15310,15400,8233300
HDB,2024-07-11,15400,15680,15400,15610,11689900
HDB,2024-07-12,15710,15750,15390,15510,8646200
HDB,2024-07-15,15550,15710,15480,15680,8550900
HDB,2024-07-16,15710,15940,15640,15900,7322900
HDB,2024-07-17,15940,16320,15810,16190,16292100
HDB,2024-07-18,16219,16250,15810,16129,8493000
HDB,2024-07-19,16160,16190,15870,16030,6972800
HDB,2024-07-22,15970,16250,15810,16250,10027300
HDB,2024-07-23,16280,16320,15940,16090,8620200
HDB,2024-07-24,15970,16129,15810,16090,8709800
HDB,2024-07-25,16030,16090,15840,16090,5506500
HDB,2024-07-26,16090,16250,16030,16129,5576500
HDB,2024-07-29,16160,16219,16090,16219,5021800
HDB,2024-07-30,16219,16250,16090,16250,4972000
HDB,2024-07-31,16320,16900,16280,16900,9079800
HDB,2024-08-01,16930,17160,16520,16580,8071100
HDB,2024-08-02,16450,16770,16000,16770,9696000
HDB,2024-08-05,16520,16710,15610,15750,10161400
HDB,2024-08-06,16059,16250,15640,15970,6422100
HDB,2024-08-07,16000,16059,15580,15970,6343600
HDB,2024-08-08,15780,16390,15780,16030,8031000
HDB,2024-08-09,16250,16480,16090,16390,5239300
HDB,2024-08-12,16450,16710,16190,16420,9878100
HDB,2024-08-13,16480,16770,16320,16670,5394200
HDB,2024-08-14,16830,16830,16550,16640,4991000
HDB,2024-08-15,16640,17220,16640,16800,6473900
HDB,2024-08-16,16960,17380,16670,17380,8742200
HDB,2024-08-19,17440,17600,17250,17350,5279700
HDB,2024-08-20,17320,17440,17160,17220,4932200
HDB,2024-08-21,17220,17510,17160,17410,6467600
HDB,2024-08-22,17410,17480,17190,17410,5339600
HDB,2024-08-23,17410,17440,17250,17410,4869600
HDB,2024-08-26,17440,17480,17250,17410,6164700
HDB,2024-08-27,17440,17480,17320,17410,5215000
HDB,2024-08-28,17480,17510,17320,17380,5199200
HDB,2024-08-29,17410,17770,17380,17570,7434500
HDB,2024-08-30,17630,17800,17540,17800,5893000
HDB,2024-09-04,17630,17670,17250,17410,5516300
HDB,2024-09-05,17480,17480,17160,17320,5827700
HDB,2024-09-06,17320,17350,17160,17190,5215000
HDB,2024-09-09,17220,17220,16800,17030,5326000
HDB,2024-09-10,17090,17090,16770,16900,6282900
HDB,2024-09-11,16900,16960,16670,16930,5068700
HDB,2024-09-12,16990,16990,16800,16830,4889300
HDB,2024-09-13,16900,17030,16800,16960,4032600
HDB,2024-09-16,16960,16960,16740,16830,4191800
HDB,2024-09-17,16860,17090,16710,17090,4479300
HDB,2024-09-18,17060,17190,16990,17160,5821600
HDB,2024-09-19,17130,17290,17090,17250,6303300
HDB,2024-09-20,17290,17480,17250,17380,8364200
HDB,2024-09-23,17410,17440,17220,17350,6282800
HDB,2024-09-24,17350,17380,17220,17350,6297900
HDB,2024-09-25,17410,17570,17350,17510,7297900
HDB,2024-09-26,17510,18250,17480,18180,18888500
HDB,2024-09-27,18250,18370,18060,18180,10545600
HDB,2024-09-30,18250,18250,17830,18120,9164400
HDB,2024-10-01,18120,18150,17900,17990,9913000
HDB,2024-10-02,17930,17990,17630,17700,9025400
HDB,2024-10-03,17730,17990,17670,17770,9384500
HDB,2024-10-04,17800,17800,17540,17540,8692200
HDB,2024-10-07,17540,17540,17160,17250,9450800
HDB,2024-10-08,17290,17670,17130,17480,10072500
HDB,2024-10-09,17510,17510,17290,17350,11084500
HDB,2024-10-10,17410,17700,17410,17630,10627400
HDB,2024-10-11,17630,17630,17410,17570,7401900
HDB,2024-10-14,17600,17630,17350,17350,7891200
HDB,2024-10-15,17380,17480,17320,17440,7200200
HDB,2024-10-16,17380,17380,17130,17380,10507300
HDB,2024-10-17,17350,17350,17090,17090,10759100
HDB,2024-10-18,17160,17350,17130,17350,8427200
HDB,2024-10-21,17350,17380,17250,17320,5196000
HDB,2024-10-22,17320,17350,17160,17350,7158800
HDB,2024-10-23,17350,17350,17090,17320,7162200
HDB,2024-10-24,17320,17320,17090,17290,5794800
HDB,2024-10-25,17290,17290,17130,17290,5776300
HDB,2024-10-28,17250,17290,17030,17130,6196300
HDB,2024-10-29,17190,17600,17160,17540,8177200
HDB,2024-10-30,17540,17570,17380,17480,6908500
HDB,2024-10-31,17480,17480,17290,17290,8318800
HDB,2024-11-01,17290,17320,17060,17060,8688200
HDB,2024-11-04,17090,17090,16740,16740,7428000
HDB,2024-11-05,16710,16860,16640,16740,5509200
HDB,2024-11-06,16740,16960,16740,16960,6167600
HDB,2024-11-07,16990,17030,16830,16860,6379400
HDB,2024-11-08,16860,16860,16640,16860,7433500
HDB,2024-11-11,16860,16860,16280,16420,8246300
HDB,2024-11-12,16250,16640,16250,16580,6514900
HDB,2024-11-13,16520,16670,16390,16480,7335200
HDB,2024-11-14,16480,16480,16190,16219,7753800
HDB,2024-11-15,16219,16219,15810,15870,9616400
HDB,2024-11-18,15840,16000,15580,15780,10096600
HDB,2024-11-19,15810,15970,15710,15840,8273100
HDB,2024-11-20,15810,15970,15610,15840,9631000
HDB,2024-11-21,15840,15940,15680,15940,8075200
HDB,2024-11-22,15940,16000,15840,15870,7859300
HDB,2024-11-25,15870,15940,15840,15870,7384100
HDB,2024-11-26,15870,16190,15840,16090,6538600
HDB,2024-11-27,16090,16280,16059,16160,7045500
HDB,2024-11-28,16190,16420,16030,16250,7320300
HDB,2024-11-29,16280,16390,16160,16280,5931800
HDB,2024-12-02,16320,16390,16219,16320,5374800
HDB,2024-12-03,16640,16800,16450,16740,11353100
HDB,2024-12-04,16740,16800,16580,16640,6699700
HDB,2024-12-05,16670,17160,16640,17160,9434400
HDB,2024-12-06,17190,17290,17060,17250,7606400
HDB,2024-12-09,17290,17410,17160,17350,9301700
HDB,2024-12-10,17350,17990,17320,17990,19907400
HDB,2024-12-11,18200,18270,17970,18200,14899100
HDB,2024-12-12,18240,18470,18240,18430,12025700
HDB,2024-12-13,18470,18510,18000,18270,8994700
HDB,2024-12-16,18240,18310,18120,18310,7804900
HDB,2024-12-17,18390,18430,18240,18350,8721000
HDB,2024-12-18,18350,18510,18240,18350,8357500
HDB,2024-12-19,18200,18200,17890,18120,10108500
HDB,2024-12-20,18120,18200,17850,18040,7031200
HDB,2024-12-23,18120,18120,17930,18040,4864700
HDB,2024-12-24,18040,18040,17770,18040,5349600
HDB,2024-12-25,18080,18470,18040,18430,10201000
HDB,2024-12-26,18430,18620,18270,18620,7888400
HDB,2024-12-27,18620,19240,18580,19240,12436100
HDB,2024-12-30,19240,20550,18810,20550,10589200
HDB,2024-12-31,20320,20320,19470,19660,9184500
HDB,2025-01-02,19620,19660,18850,19350,12600700
HDB,2025-01-03,19280,19280,18700,18850,7212300
HDB,2025-01-06,18850,18970,18620,18890,6407500
HDB,2025-01-07,18930,18930,18580,18700,8626500
HDB,2025-01-08,18660,18700,17930,17970,18480600
HDB,2025-01-09,17810,17970,17190,17230,18307900
HDB,2025-01-10,17190,17230,16660,16660,16004300
HDB,2025-01-13,16350,16850,16350,16730,14703300
HDB,2025-01-14,16770,16810,16270,16309,12557900
HDB,2025-01-15,16309,16690,16309,16690,7970900
HDB,2025-01-16,16730,16850,16540,16730,11703600
HDB,2025-01-17,16660,17350,16500,17350,13331000
HDB,2025-01-20,17350,17810,16960,17730,20689500
HDB,2025-01-21,17930,18000,17230,17460,13007200
HDB,2025-01-22,17500,17500,16960,16960,19175000
HDB,2025-01-23,16920,17700,16890,17270,13211500
HDB,2025-01-24,17310,17850,17310,17460,11218800
HDB,2025-02-03,17350,17390,17040,17270,7463100
HDB,2025-02-04,17310,17580,17270,17430,7138100
HDB,2025-02-05,17430,17580,17390,17430,6231800
HDB,2025-02-06,17500,17770,17460,17700,12839500
HDB,2025-02-07,17810,17810,17620,17660,8903300
HDB,2025-02-10,17350,17620,17350,17430,8572100
HDB,2025-02-11,17540,17620,17350,17390,9757100
HDB,2025-02-12,17500,17580,17390,17390,8276900
HDB,2025-02-13,17390,17500,17350,17500,6936600
HDB,2025-02-14,17620,17660,17540,17620,8445600
HDB,2025-02-17,17700,17700,17430,17460,9434400
HDB,2025-02-18,17460,17580,17430,17500,8806800
HDB,2025-02-19,17500,17620,17430,17580,7816600
HDB,2025-02-20,17620,17660,17540,17620,10818400
HDB,2025-02-21,17620,17890,17580,17770,11653000
HDB,2025-02-24,17730,18120,17660,18080,13634400
HDB,2025-02-25,18120,18120,17770,17890,12021400
HDB,2025-02-26,17930,17970,17770,17770,7301400
HDB,2025-02-27,17770,17890,17620,17890,8369500
HDB,2025-02-28,17850,17890,17580,17770,10152100
HDB,2025-03-03,17770,17810,17620,17730,8238400
HDB,2025-03-04,17660,17730,17540,17700,10016700
HDB,2025-03-05,17660,17970,17660,17660,9704300
HDB,2025-03-06,17660,17770,17620,17770,8485600
HDB,2025-03-07,17770,18200,17730,18040,19968000
HDB,2025-03-10,18160,18430,18120,18270,13562300
HDB,2025-03-11,18120,18350,17970,18350,9309000
HDB,2025-03-12,18430,18470,18160,18240,8340600
HDB,2025-03-13,18270,18270,17810,17850,13362800
HDB,2025-03-14,17850,18000,17770,17890,7050600
HDB,2025-03-17,17930,18160,17850,18040,8013500
HDB,2025-03-18,18080,18120,17890,17930,5957600
HDB,2025-03-19,17890,18000,17730,17770,8624500
HDB,2025-03-20,17930,18160,17700,17810,10874000
HDB,2025-03-21,17810,17850,17700,17730,7987900
HDB,2025-03-24,17730,17770,17390,17460,10740300
HDB,2025-03-25,17500,17700,17460,17540,13384000
HDB,2025-03-26,17580,17770,17430,17540,12167900
HDB,2025-03-27,17500,17540,17350,17460,8182700
HDB,2025-03-28,17430,17460,17160,17160,8945200
HDB,2025-03-31,17040,17120,16960,17040,7904200
HDB,2025-04-01,17120,17310,17000,17310,5803500
HDB,2025-04-02,17310,17500,17190,17310,12189400
HDB,2025-04-03,16810,16920,16120,16120,26249100
HDB,2025-04-04,15040,16270,15040,16040,19444300
HDB,2025-04-08,15730,15880,14920,14920,17300000
HDB,2025-04-09,13920,15150,13880,14030,19245500
HDB,2025-04-10,15000,15000,15000,15000,231700
HDB,2025-04-11,15960,16040,15340,15960,16370600
HDB,2025-04-14,16420,16420,16149,16190,11261200
HDB,2025-04-15,16000,16230,15810,15850,12695100
HDB,2025-04-16,15880,16079,15770,15920,6250400
HDB,2025-04-17,15880,15960,15690,15960,8625000
HDB,2025-04-18,16040,16149,16040,16040,7456700
HDB,2025-04-21,16040,16120,15730,15730,8383100
HDB,2025-04-22,15650,15730,14770,15650,12392100
HDB,2025-04-23,15810,16000,15690,15690,9158800
HDB,2025-04-24,16040,16390,15960,16390,13382600
HDB,2025-04-25,16390,16420,16120,16390,14533500
HDB,2025-04-28,16500,16580,16270,16580,7440900
HDB,2025-04-29,16540,16620,16350,16540,6862700
HDB,2025-05-05,16420,16620,16350,16350,7796700
HDB,2025-05-06,16390,16580,16309,16390,7788000
HDB,2025-05-07,16309,16420,16120,16149,11737700
HDB,2025-05-08,16190,16500,16149,16390,9147200
HDB,2025-05-09,16390,16420,16270,16350,6217300
HDB,2025-05-12,16309,16580,16309,16580,11104300
HDB,2025-05-13,16660,17040,16660,16810,12592000
HDB,2025-05-14,16850,17160,16850,17120,12593800
HDB,2025-05-15,17080,17270,16920,17160,11950400
HDB,2025-05-16,17160,17190,16920,16920,6790700
HDB,2025-05-19,16850,17190,16690,16960,13180500
HDB,2025-05-20,16960,17270,16960,17190,12793500
HDB,2025-05-21,17190,17500,17120,17270,10021100
HDB,2025-05-22,17120,17230,17000,17000,11961400
HDB,2025-05-23,17040,17160,16960,17040,6900600
HDB,2025-05-26,17120,17430,17080,17430,20206400
HDB,2025-05-27,17430,17540,17350,17430,9757700
HDB,2025-05-28,17460,17500,17160,17160,11600500
HDB,2025-05-29,17190,17390,17000,17000,11318800
HDB,2025-05-30,17040,17080,16730,16730,11909000
HDB,2025-06-02,16620,16770,16500,16660,8581300
HDB,2025-06-03,16690,17000,16660,16850,8974600
HDB,2025-06-04,16920,16960,16770,16850,6875500
HDB,2025-06-05,16850,16890,16620,16690,8856700
HDB,2025-06-06,16620,16810,16540,16810,8459900
HDB,2025-06-09,16810,16810,16540,16540,6800200
HDB,2025-06-10,16580,16770,16500,16580,8468900
HDB,2025-06-11,16620,16620,16460,16500,6441200
HDB,2025-06-12,16580,16810,16540,16770,8674000
HDB,2025-06-13,16660,16770,16460,16660,10917900
HDB,2025-06-16,16620,16850,16540,16770,7597600
HDB,2025-06-17,16850,16920,16730,16890,8869100
HDB,2025-06-18,16890,17040,16810,16920,13318000
HDB,2025-06-19,16960,17080,16850,16960,8180400
HDB,2025-06-20,17000,17230,16920,17080,15339900
HDB,2025-06-23,16960,17040,16850,16920,10204700
HDB,2025-06-24,17040,17120,16890,16920,12944000
HDB,2025-06-25,16960,17000,16810,16810,10449900
HDB,2025-06-26,16850,16890,16660,16730,8625800
HDB,2025-06-27,16770,16890,16660,16810,7992100
HDB,2025-06-30,16810,16890,16770,16810,6655700
HDB,2025-07-01,16850,17190,16810,17040,23738800
HDB,2025-07-02,17080,17350,17000,17190,15269100
HDB,2025-07-03,17190,17540,17120,17390,18408700
HDB,2025-07-04,17460,17580,17270,17390,13207400
HDB,2025-07-07,17460,17970,17430,17970,24883700
HDB,2025-07-08,18040,18160,17930,18120,17331200
HDB,2025-07-09,18200,19050,18120,18660,34196100
HDB,2025-07-10,18780,18810,18540,18780,14924700
HDB,2025-07-11,18780,18850,18470,18850,16447300
HDB,2025-07-14,18890,18890,18540,18810,13079300
HDB,2025-07-15,18810,19080,18620,18620,31224600
HDB,2025-07-16,18620,18740,18580,18700,16039400
HDB,2025-07-17,18780,18850,18620,18780,13060100
HDB,2025-07-18,18850,18890,18580,18810,14310500
HDB,2025-07-21,18890,19010,18740,18890,16139900
HDB,2025-07-22,18890,19620,18780,19620,27414100
HDB,2025-07-23,19820,20590,19780,20430,35013700
HDB,2025-07-24,20930,21860,20700,21280,50977800
HDB,2025-07-25,21280,21900,21130,21780,20693800
HDB,2025-07-28,21860,22550,21510,21940,24563900
HDB,2025-07-29,21900,21900,20430,20430,33545700
HDB,2025-07-30,20430,20660,19860,20550,20473700
HDB,2025-07-31,20930,21320,20010,20390,32374600
HDB,2025-08-01,20390,20930,20360,20820,18626300
HDB,2025-08-04,20860,21590,20740,21590,19050400
HDB,2025-08-05,22130,22440,20820,21510,30151000
HDB,2025-08-06,21980,22050,21590,21780,15361500
HDB,2025-08-07,22130,22130,21550,21980,24722700
HDB,2025-08-08,22050,22130,21510,21630,19461300
HDB,2025-08-11,21860,21860,21510,21510,28021300
HDB,2025-08-12,21590,22320,21510,22280,25359400
HDB,2025-08-13,22670,22710,21940,22320,24756500
HDB,2025-08-14,23050,23860,22520,23860,59894000
HDB,2025-08-15,24400,24440,23440,23900,29073000
HDB,2025-08-18,24060,24060,23130,23520,23448300
HDB,2025-08-19,23830,25140,23630,25060,34111300
HDB,2025-08-20,25140,25250,23860,24560,28103300
HDB,2025-08-21,24670,26180,24670,25640,35245400
HDB,2025-08-22,25640,25640,24290,24940,29128400
HDB,2025-08-25,25370,25370,23560,24130,21416800
HDB,2025-08-26,24130,24910,23860,24910,11352400
HDB,2025-08-27,25370,25450,24710,25020,14028400
HDB,2025-08-28,25060,25100,24480,25060,12879100
HDB,2025-08-29,25370,26060,25210,25790,25018200
HDB,2025-09-03,25830,25870,25450,25520,10789600
HDB,2025-09-04,25560,25600,25100,25560,17396900
HDB,2025-09-05,25830,25870,24600,24910,21623800
HDB,2025-09-08,24600,24640,23520,23830,25521200
HDB,2025-09-09,23670,24330,23560,24330,13478200
HDB,2025-09-10,24370,24400,23860,24370,11920800
HDB,2025-09-11,24060,24370,23520,24290,11434200
HDB,2025-09-12,24290,24330,23940,24290,10852000
HDB,2025-09-15,24290,24370,23940,24100,11467700
HDB,2025-09-16,24210,24330,23830,24130,15901800
HDB,2025-09-17,24060,24100,23830,23830,9467800
HDB,2025-09-18,23860,23860,23290,23670,13216800
HDB,2025-09-19,23590,23590,23130,23290,10787200
HDB,2025-09-22,23290,23290,22360,22360,15324800
HDB,2025-09-23,22400,22590,22130,22130,10542100
HDB,2025-09-24,22210,23670,21780,23670,22756700
HDB,2025-09-25,24290,24370,23830,23900,14404600
HDB,2025-09-26,23900,23940,23250,23250,12495800
HDB,2025-09-29,23250,23980,22980,23830,13058200
HDB,2025-09-30,23670,23900,23250,23900,13407300
HDB,2025-10-01,23900,23980,23670,23830,9573200
HDB,2025-10-02,23900,24130,23590,23790,11170800
HDB,2025-10-03,23750,23790,23290,23290,9123800
HDB,2025-10-06,23520,24520,23400,24290,23427600
HDB,2025-10-07,24480,24480,24020,24130,9742000
HDB,2025-10-08,24440,24440,23900,24250,16332400
HDB,2025-10-09,24250,24560,24060,24400,15346800
HDB,2025-10-10,24600,24640,24440,24560,14960500
HDB,2025-10-13,24250,25180,24170,25180,27220300
HDB,2025-10-14,25370,25790,24750,25180,27956100
HDB,2025-10-15,25140,25910,25060,25520,23703400
HDB,2025-10-16,25640,25750,25370,25750,17013200
HDB,2025-10-17,25870,25870,25060,25060,19439000
HDB,2025-10-20,24670,24830,23320,23320,26891500
HDB,2025-10-21,23440,24940,23440,24940,24467900
HDB,2025-10-22,25060,25100,24440,25060,12369900
HDB,2025-10-23,25020,26410,24980,25450,34268900
HDB,2025-10-24,25250,25480,24670,25210,17222100
HDB,2025-10-27,25410,25410,23980,23980,17556400
HDB,2025-10-28,23560,24830,23560,24830,14459200
HDB,2025-10-29,25020,26290,24940,25750,31358500
HDB,2025-10-30,25790,26490,25600,25750,23301200
HDB,2025-10-31,25870,25870,24670,24670,22262400
HDB,2025-11-03,24670,24750,23520,23560,23596600
HDB,2025-11-04,23560,23980,22550,23980,34423800
HDB,2025-11-05,23980,24520,23750,23940,8534600
HDB,2025-11-06,23980,23980,23170,23210,12158000
HDB,2025-11-07,23090,23250,22550,23130,22588600
HDB,2025-11-10,23050,23170,22590,22820,12893500
HDB,2025-11-11,22820,22900,22400,22820,11097100
HDB,2025-11-12,22900,23210,22590,23130,14650300
HDB,2025-11-13,23130,23250,22900,23090,11503300
HDB,2025-11-14,23020,23130,22750,23020,14810200
HDB,2025-11-17,23130,23520,22980,23170,12131900
HDB,2025-11-18,23250,23520,23130,23480,13963400
HDB,2025-11-19,23520,24290,23130,24130,20946700
HDB,2025-11-20,24210,24600,24060,24520,21414900
HDB,2025-11-21,24400,24560,23900,24060,13878700
HDB,2025-11-24,24130,24670,23940,23980,16462700
HDB,2025-11-25,24100,24750,24100,24520,22337300
HDB,2025-11-26,24520,24910,24370,24910,14640700
HDB,2025-11-27,25020,25020,24370,24670,11302600
HDB,2025-11-28,24600,24670,24250,24670,12460800
HDB,2025-12-01,24710,24710,24250,24290,7633800
HDB,2025-12-02,24290,24670,23860,24670,14736300
HDB,2025-12-03,24670,25060,24480,24870,14169900
HDB,2025-12-04,25290,25520,24980,25410,15110300
HDB,2025-12-05,25450,25450,25020,25410,9205900
HDB,2025-12-08,25330,25410,24980,25250,9934700
HDB,2025-12-09,25180,25180,24290,24290,20452400
HDB,2025-12-10,24910,25450,24370,24790,24010400
HDB,2025-12-11,24830,24870,24370,24480,6731800
HDB,2025-12-12,24520,24600,23290,23290,15587400
HDB,2025-12-15,23320,23440,23050,23130,11805900
HDB,2025-12-16,23170,24750,23020,24750,17054100
HDB,2025-12-17,24670,25100,24440,24750,23353800
HDB,2025-12-18,25000,26000,24750,25600,27159300
HDB,2025-12-19,25600,26000,25450,25950,21301200
HDB,2025-12-22,26000,27100,25750,27000,39574300
HDB,2025-12-23,27000,28000,26950,27500,32590800
HDB,2025-12-24,27550,28000,27400,27850,25185800
HDB,2025-12-25,27700,27900,26950,27550,16421500
HDB,2025-12-26,27000,28000,26800,27600,21297400
HDB,2025-12-29,27700,27700,27150,27600,14634000
HDB,2025-12-30,27600,27950,27000,27950,29039500
HDB,2025-12-31,27800,29700,27750,29700,43989500
