symbol,date,open,high,low,close,volume,"('date', '')","('open', 'SSB.VN')","('high', 'SSB.VN')","('low', 'SSB.VN')","('close', 'SSB.VN')","('volume', 'SSB.VN')"
SSB,2021-03-24,9950.0,9950.0,9950.0,9950.0,6007500.0,,,,,,
SSB,2021-03-25,10640.0,10640.0,10640.0,10640.0,1464100.0,,,,,,
SSB,2021-03-26,11380.0,11380.0,11380.0,11380.0,1078500.0,,,,,,
SSB,2021-03-29,12170.0,12170.0,11850.0,12170.0,3992200.0,,,,,,
SSB,2021-03-30,13010.0,13010.0,12970.0,13010.0,1896300.0,,,,,,
SSB,2021-03-31,13900.0,13900.0,13430.0,13900.0,4138700.0,,,,,,
SSB,2021-04-01,13880.0,13930.0,13380.0,13930.0,3793500.0,,,,,,
SSB,2021-04-02,13680.0,13950.0,13680.0,13950.0,2990700.0,,,,,,
SSB,2021-04-05,13850.0,13900.0,13530.0,13880.0,1564100.0,,,,,,
SSB,2021-04-06,13830.0,13830.0,13490.0,13830.0,1881700.0,,,,,,
SSB,2021-04-07,13830.0,13830.0,13570.0,13830.0,1208100.0,,,,,,
SSB,2021-04-08,13720.0,13720.0,13570.0,13630.0,911300.0,,,,,,
SSB,2021-04-09,13330.0,13680.0,13330.0,13680.0,955900.0,,,,,,
SSB,2021-04-12,13490.0,13680.0,13330.0,13680.0,846900.0,,,,,,
SSB,2021-04-13,13380.0,13570.0,13380.0,13490.0,433600.0,,,,,,
SSB,2021-04-14,13330.0,13450.0,13230.0,13230.0,579800.0,,,,,,
SSB,2021-04-15,13040.0,13330.0,12590.0,13330.0,1409400.0,,,,,,
SSB,2021-04-16,13330.0,13490.0,13090.0,13490.0,574400.0,,,,,,
SSB,2021-04-19,13500.0,13570.0,13380.0,13570.0,886900.0,,,,,,
SSB,2021-04-20,13630.0,13630.0,13530.0,13570.0,1465400.0,,,,,,
SSB,2021-04-22,13490.0,13570.0,13230.0,13570.0,729000.0,,,,,,
SSB,2021-04-23,13570.0,13570.0,12890.0,12890.0,853900.0,,,,,,
SSB,2021-04-26,13330.0,13430.0,13010.0,13230.0,578000.0,,,,,,
SSB,2021-04-27,12390.0,13280.0,12390.0,13280.0,705300.0,,,,,,
SSB,2021-04-28,13230.0,13310.0,12840.0,13230.0,846500.0,,,,,,
SSB,2021-04-29,12890.0,13310.0,12890.0,13260.0,1199900.0,,,,,,
SSB,2021-05-04,12860.0,13090.0,12860.0,13040.0,1055500.0,,,,,,
SSB,2021-05-05,13040.0,13090.0,12890.0,13060.0,647500.0,,,,,,
SSB,2021-05-06,13060.0,13970.0,12980.0,13500.0,1078900.0,,,,,,
SSB,2021-05-07,13570.0,13680.0,13330.0,13570.0,1122000.0,,,,,,
SSB,2021-05-10,13570.0,13830.0,13330.0,13830.0,1638300.0,,,,,,
SSB,2021-05-11,13970.0,13970.0,13680.0,13830.0,942400.0,,,,,,
SSB,2021-05-12,13830.0,13830.0,13680.0,13830.0,1429600.0,,,,,,
SSB,2021-05-13,13830.0,14080.0,13380.0,13970.0,2069300.0,,,,,,
SSB,2021-05-14,14080.0,14940.0,13570.0,14940.0,3100400.0,,,,,,
SSB,2021-05-17,14970.0,15800.0,14970.0,15530.0,3145000.0,,,,,,
SSB,2021-05-18,15850.0,15850.0,15500.0,15560.0,3096400.0,,,,,,
SSB,2021-05-19,15560.0,15780.0,14570.0,15680.0,3510600.0,,,,,,
SSB,2021-05-20,15780.0,15780.0,14620.0,15680.0,4030600.0,,,,,,
SSB,2021-05-21,15680.0,15800.0,14980.0,15800.0,4272700.0,,,,,,
SSB,2021-05-24,15800.0,16100.0,15050.0,16100.0,2716700.0,,,,,,
SSB,2021-05-25,16270.0,17210.0,15050.0,17210.0,3725900.0,,,,,,
SSB,2021-05-26,17230.0,18360.0,16540.0,18360.0,2720400.0,,,,,,
SSB,2021-05-27,18420.0,18440.0,17310.0,18290.0,2077400.0,,,,,,
SSB,2021-05-28,18270.0,19260.0,17530.0,19260.0,2006200.0,,,,,,
SSB,2021-05-31,19260.0,20140.0,18760.0,20140.0,1832500.0,,,,,,
SSB,2021-06-01,20180.0,20690.0,19260.0,20190.0,1733600.0,,,,,,
SSB,2021-06-02,20100.0,20490.0,19210.0,20490.0,1816900.0,,,,,,
SSB,2021-06-03,20540.0,21230.0,19280.0,21230.0,2794400.0,,,,,,
SSB,2021-06-04,21440.0,22470.0,19800.0,22470.0,4445100.0,,,,,,
SSB,2021-06-07,22470.0,22470.0,20930.0,21480.0,1594600.0,,,,,,
SSB,2021-06-08,20490.0,21230.0,20050.0,21230.0,2450000.0,,,,,,
SSB,2021-06-09,20000.0,21330.0,19820.0,19850.0,2641700.0,,,,,,
SSB,2021-06-10,20100.0,21040.0,18520.0,20400.0,3337900.0,,,,,,
SSB,2021-06-11,20400.0,21180.0,19510.0,21180.0,2589300.0,,,,,,
SSB,2021-06-14,21180.0,21230.0,20250.0,21230.0,2782100.0,,,,,,
SSB,2021-06-15,21180.0,21210.0,19800.0,20400.0,2466800.0,,,,,,
SSB,2021-06-16,20400.0,20400.0,19060.0,19660.0,1489700.0,,,,,,
SSB,2021-06-17,19550.0,19660.0,18470.0,19600.0,1823600.0,,,,,,
SSB,2021-06-18,18760.0,19970.0,18270.0,19920.0,2734900.0,,,,,,
SSB,2021-06-21,19920.0,19920.0,19260.0,19750.0,2216300.0,,,,,,
SSB,2021-06-22,19750.0,19800.0,19210.0,19780.0,2389900.0,,,,,,
SSB,2021-06-23,19730.0,19730.0,19280.0,19600.0,2069900.0,,,,,,
SSB,2021-06-24,19600.0,19680.0,19260.0,19620.0,2276400.0,,,,,,
SSB,2021-06-25,19660.0,19800.0,19260.0,19800.0,2106000.0,,,,,,
SSB,2021-06-28,19310.0,20250.0,19010.0,20140.0,2093400.0,,,,,,
SSB,2021-06-29,20140.0,20250.0,20100.0,20220.0,2099600.0,,,,,,
SSB,2021-06-30,20220.0,20410.0,19510.0,20320.0,2195300.0,,,,,,
SSB,2021-07-01,20320.0,20340.0,19400.0,20180.0,2349400.0,,,,,,
SSB,2021-07-02,20190.0,20930.0,19730.0,20930.0,3294900.0,,,,,,
SSB,2021-07-05,20930.0,20930.0,20250.0,20840.0,2506700.0,,,,,,
SSB,2021-07-06,20840.0,20920.0,19900.0,20590.0,2955100.0,,,,,,
SSB,2021-07-07,20320.0,20740.0,19750.0,20690.0,3388500.0,,,,,,
SSB,2021-07-08,20640.0,20640.0,20000.0,20490.0,2656800.0,,,,,,
SSB,2021-07-09,20400.0,20540.0,19750.0,20050.0,2824800.0,,,,,,
SSB,2021-07-12,19900.0,19900.0,18660.0,18760.0,1625200.0,,,,,,
SSB,2021-07-13,18520.0,19060.0,17920.0,19060.0,1732300.0,,,,,,
SSB,2021-07-14,19010.0,19010.0,18310.0,18870.0,1798000.0,,,,,,
SSB,2021-07-15,18750.0,19940.0,18520.0,19890.0,1725100.0,,,,,,
SSB,2021-07-16,19890.0,20240.0,19230.0,19470.0,1963600.0,,,,,,
SSB,2021-07-19,19210.0,19210.0,18270.0,18270.0,1590100.0,,,,,,
SSB,2021-07-20,18270.0,19400.0,17270.0,19280.0,1740500.0,,,,,,
SSB,2021-07-21,19280.0,19360.0,18870.0,19250.0,1753900.0,,,,,,
SSB,2021-07-22,19210.0,20240.0,18870.0,20240.0,2105800.0,,,,,,
SSB,2021-07-23,21000.0,21000.0,20100.0,20220.0,1426200.0,,,,,,
SSB,2021-07-26,20180.0,20180.0,19130.0,19610.0,1212300.0,,,,,,
SSB,2021-07-27,19630.0,20040.0,18860.0,20040.0,1412500.0,,,,,,
SSB,2021-07-28,19930.0,20010.0,19390.0,19900.0,1308300.0,,,,,,
SSB,2021-07-29,19880.0,19970.0,19390.0,19930.0,1488300.0,,,,,,
SSB,2021-07-30,19900.0,20040.0,19390.0,19710.0,2351600.0,,,,,,
SSB,2021-08-02,19390.0,19710.0,18860.0,19610.0,1735200.0,,,,,,
SSB,2021-08-03,19500.0,19750.0,19290.0,19750.0,1485000.0,,,,,,
SSB,2021-08-04,19710.0,19930.0,19630.0,19930.0,1721500.0,,,,,,
SSB,2021-08-05,19900.0,20220.0,19290.0,20070.0,3360800.0,,,,,,
SSB,2021-08-06,20100.0,20180.0,19660.0,20010.0,1449500.0,,,,,,
SSB,2021-08-09,19820.0,20100.0,19630.0,20100.0,1542500.0,,,,,,
SSB,2021-08-10,20100.0,20180.0,19660.0,19880.0,2707800.0,,,,,,
SSB,2021-08-11,19550.0,19900.0,19130.0,19790.0,2420300.0,,,,,,
SSB,2021-08-12,19770.0,19770.0,19130.0,19710.0,1854300.0,,,,,,
SSB,2021-08-13,19660.0,19660.0,19130.0,19610.0,2626900.0,,,,,,
SSB,2021-08-16,19550.0,19710.0,19130.0,19710.0,3049600.0,,,,,,
SSB,2021-08-17,19710.0,20190.0,19660.0,19820.0,2520300.0,,,,,,
SSB,2021-08-18,19530.0,19770.0,19390.0,19530.0,2351100.0,,,,,,
SSB,2021-08-19,19500.0,19500.0,19180.0,19340.0,2059500.0,,,,,,
SSB,2021-08-20,19340.0,19340.0,18640.0,19290.0,1814400.0,,,,,,
SSB,2021-08-23,19180.0,19230.0,18830.0,19010.0,2285100.0,,,,,,
SSB,2021-08-24,18960.0,19180.0,18720.0,19180.0,2167200.0,,,,,,
SSB,2021-08-25,19230.0,19370.0,18960.0,19230.0,2703100.0,,,,,,
SSB,2021-08-26,19180.0,19260.0,18870.0,19050.0,3278000.0,,,,,,
SSB,2021-08-27,19010.0,19050.0,18430.0,19050.0,3167600.0,,,,,,
SSB,2021-08-30,19070.0,19390.0,18960.0,19390.0,3405800.0,,,,,,
SSB,2021-08-31,19390.0,19450.0,19210.0,19390.0,3009500.0,,,,,,
SSB,2021-09-01,19390.0,19450.0,18910.0,19340.0,3849700.0,,,,,,
SSB,2021-09-06,19010.0,19370.0,18910.0,19340.0,3044100.0,,,,,,
SSB,2021-09-07,19210.0,19390.0,18940.0,19390.0,3851000.0,,,,,,
SSB,2021-09-08,19370.0,19370.0,19090.0,19180.0,3643400.0,,,,,,
SSB,2021-09-09,19150.0,19390.0,19070.0,19390.0,3575700.0,,,,,,
SSB,2021-09-10,19390.0,19420.0,19210.0,19390.0,2791000.0,,,,,,
SSB,2021-09-13,19290.0,19390.0,18940.0,19180.0,3340200.0,,,,,,
SSB,2021-09-14,19180.0,19290.0,19090.0,19180.0,2019100.0,,,,,,
SSB,2021-09-15,19180.0,19260.0,19090.0,19260.0,1987900.0,,,,,,
SSB,2021-09-16,19290.0,19370.0,18990.0,19260.0,3057900.0,,,,,,
SSB,2021-09-17,19260.0,19370.0,19180.0,19370.0,2986100.0,,,,,,
SSB,2021-09-20,19340.0,19450.0,19310.0,19390.0,2191000.0,,,,,,
SSB,2021-09-21,19180.0,19290.0,19130.0,19230.0,1626800.0,,,,,,
SSB,2021-09-22,19260.0,19290.0,18940.0,19230.0,1903900.0,,,,,,
SSB,2021-09-23,19260.0,19290.0,19090.0,19290.0,1994400.0,,,,,,
SSB,2021-09-24,19370.0,19390.0,19260.0,19390.0,1789800.0,,,,,,
SSB,2021-09-27,19390.0,19450.0,18870.0,19260.0,2507100.0,,,,,,
SSB,2021-09-28,19180.0,19310.0,19090.0,19310.0,2044000.0,,,,,,
SSB,2021-09-29,19310.0,19310.0,19150.0,19310.0,2031800.0,,,,,,
SSB,2021-09-30,19290.0,19370.0,18960.0,19310.0,2694100.0,,,,,,
SSB,2021-10-01,19310.0,19340.0,19090.0,19310.0,2032900.0,,,,,,
SSB,2021-10-04,19310.0,19340.0,19090.0,19310.0,2061000.0,,,,,,
SSB,2021-10-05,19290.0,19370.0,19050.0,19370.0,1861700.0,,,,,,
SSB,2021-10-06,19390.0,19500.0,19090.0,19500.0,2015100.0,,,,,,
SSB,2021-10-07,19530.0,20260.0,19230.0,20260.0,2020700.0,,,,,,
SSB,2021-10-08,20270.0,20750.0,20260.0,20470.0,2065900.0,,,,,,
SSB,2021-10-11,20490.0,20710.0,20260.0,20470.0,1822000.0,,,,,,
SSB,2021-10-12,20490.0,20490.0,20310.0,20470.0,2103300.0,,,,,,
SSB,2021-10-13,20600.0,21400.0,20190.0,21140.0,2697700.0,,,,,,
SSB,2021-10-14,21100.0,21310.0,20960.0,21220.0,3228100.0,,,,,,
SSB,2021-10-15,21220.0,21360.0,21190.0,21330.0,3568300.0,,,,,,
SSB,2021-10-18,21330.0,21420.0,20830.0,21220.0,2989000.0,,,,,,
SSB,2021-10-19,21240.0,21240.0,20870.0,21220.0,1764900.0,,,,,,
SSB,2021-10-20,21100.0,21220.0,21000.0,21220.0,1891100.0,,,,,,
SSB,2021-10-21,21190.0,21280.0,20710.0,21100.0,3226000.0,,,,,,
SSB,2021-10-22,21140.0,21140.0,20850.0,20910.0,2160900.0,,,,,,
SSB,2021-10-25,20870.0,20930.0,20650.0,20870.0,1899000.0,,,,,,
SSB,2021-10-26,20830.0,20870.0,20510.0,20790.0,2027000.0,,,,,,
SSB,2021-10-27,20830.0,20870.0,20620.0,20850.0,2164300.0,,,,,,
SSB,2021-10-28,20870.0,21570.0,20740.0,21570.0,1701600.0,,,,,,
SSB,2021-10-29,21530.0,21570.0,21000.0,21170.0,2120900.0,,,,,,
SSB,2021-11-01,21050.0,21240.0,20650.0,21220.0,2037300.0,,,,,,
SSB,2021-11-02,21100.0,21240.0,20760.0,21220.0,1937200.0,,,,,,
SSB,2021-11-03,21220.0,21900.0,20850.0,21810.0,2188300.0,,,,,,
SSB,2021-11-04,21620.0,21790.0,21190.0,21440.0,2295200.0,,,,,,
SSB,2021-11-05,21440.0,21440.0,20830.0,21440.0,3310100.0,,,,,,
SSB,2021-11-08,20930.0,21620.0,20930.0,21440.0,2111600.0,,,,,,
SSB,2021-11-09,21420.0,21480.0,21010.0,21440.0,2362400.0,,,,,,
SSB,2021-11-10,21400.0,21440.0,21010.0,21240.0,2213700.0,,,,,,
SSB,2021-11-11,21220.0,21220.0,20930.0,21080.0,2022800.0,,,,,,
SSB,2021-11-12,21140.0,21220.0,20930.0,21220.0,1978800.0,,,,,,
SSB,2021-11-15,21240.0,21330.0,21050.0,21140.0,2160600.0,,,,,,
SSB,2021-11-16,21170.0,21280.0,21000.0,21010.0,2192100.0,,,,,,
SSB,2021-11-17,21050.0,21080.0,20680.0,21010.0,2100500.0,,,,,,
SSB,2021-11-18,21010.0,21010.0,20650.0,20740.0,1283500.0,,,,,,
SSB,2021-11-19,20910.0,20910.0,20680.0,20830.0,1794100.0,,,,,,
SSB,2021-11-22,20960.0,21670.0,20340.0,21080.0,1270300.0,,,,,,
SSB,2021-11-23,21360.0,21360.0,20960.0,21080.0,1007800.0,,,,,,
SSB,2021-11-24,21190.0,22530.0,20870.0,22530.0,1789500.0,,,,,,
SSB,2021-11-25,23250.0,23500.0,22820.0,23390.0,1190600.0,,,,,,
SSB,2021-11-26,23100.0,23360.0,22820.0,23280.0,2039200.0,,,,,,
SSB,2021-11-29,21670.0,22990.0,21670.0,22680.0,1952700.0,,,,,,
SSB,2021-11-30,22760.0,22820.0,22020.0,22590.0,1579000.0,,,,,,
SSB,2021-12-01,21790.0,22650.0,21790.0,22650.0,1788900.0,,,,,,
SSB,2021-12-02,22530.0,22590.0,22390.0,22560.0,2243100.0,,,,,,
SSB,2021-12-03,22560.0,22620.0,21960.0,21960.0,2103100.0,,,,,,
SSB,2021-12-06,21740.0,21930.0,20560.0,21670.0,1723500.0,,,,,,
SSB,2021-12-07,21960.0,22470.0,21670.0,22020.0,1701600.0,,,,,,
SSB,2021-12-08,22080.0,22530.0,21670.0,22530.0,1703400.0,,,,,,
SSB,2021-12-09,22530.0,22590.0,22250.0,22590.0,1905600.0,,,,,,
SSB,2021-12-10,22650.0,22650.0,22470.0,22590.0,1709200.0,,,,,,
SSB,2021-12-13,22650.0,22760.0,21960.0,22680.0,2039600.0,,,,,,
SSB,2021-12-14,22650.0,22650.0,22420.0,22620.0,1789100.0,,,,,,
SSB,2021-12-15,22650.0,22680.0,22330.0,22680.0,2063400.0,,,,,,
SSB,2021-12-16,22620.0,22620.0,22310.0,22620.0,1833700.0,,,,,,
SSB,2021-12-17,22590.0,22620.0,22050.0,22450.0,2246000.0,,,,,,
SSB,2021-12-20,22500.0,22530.0,22190.0,22390.0,1916000.0,,,,,,
SSB,2021-12-21,22360.0,22420.0,22160.0,22420.0,1791900.0,,,,,,
SSB,2021-12-22,22390.0,22390.0,22100.0,22270.0,2109400.0,,,,,,
SSB,2021-12-23,22270.0,22270.0,21400.0,22050.0,4132900.0,,,,,,
SSB,2021-12-24,22020.0,23590.0,21810.0,23530.0,3663200.0,,,,,,
SSB,2021-12-27,23670.0,25100.0,23560.0,25100.0,3680800.0,,,,,,
SSB,2021-12-28,25270.0,25610.0,24530.0,25070.0,2819000.0,,,,,,
SSB,2021-12-29,25070.0,25670.0,24240.0,25670.0,2471900.0,,,,,,
SSB,2021-12-30,25780.0,25780.0,25100.0,25700.0,2310800.0,,,,,,
SSB,2021-12-31,25610.0,26180.0,25560.0,26010.0,2256900.0,,,,,,
SSB,2022-01-04,26090.0,26180.0,25640.0,26010.0,2208100.0,,,,,,
SSB,2022-01-05,25930.0,26010.0,25250.0,25670.0,1891900.0,,,,,,
SSB,2022-01-06,25130.0,25220.0,24310.0,25070.0,2666600.0,,,,,,
SSB,2022-01-07,24990.0,24990.0,23850.0,24220.0,2220900.0,,,,,,
SSB,2022-01-10,24130.0,24130.0,22870.0,23050.0,1831100.0,,,,,,
SSB,2022-01-11,22820.0,23070.0,22270.0,22270.0,1542500.0,,,,,,
SSB,2022-01-12,22250.0,23390.0,21570.0,23390.0,2239500.0,,,,,,
SSB,2022-01-13,23960.0,24080.0,23250.0,23730.0,2293800.0,,,,,,
SSB,2022-01-14,23700.0,23790.0,23280.0,23790.0,2199400.0,,,,,,
SSB,2022-01-17,24410.0,24410.0,22840.0,23670.0,1599900.0,,,,,,
SSB,2022-01-18,23560.0,23830.0,22420.0,23460.0,2322000.0,,,,,,
SSB,2022-01-19,23360.0,23580.0,23000.0,23460.0,1897600.0,,,,,,
SSB,2022-01-20,23490.0,24080.0,23150.0,24080.0,1889700.0,,,,,,
SSB,2022-01-21,24080.0,24080.0,23090.0,24080.0,2819000.0,,,,,,
SSB,2022-01-24,24010.0,24140.0,23790.0,24050.0,2014100.0,,,,,,
SSB,2022-01-25,24010.0,24500.0,23790.0,24500.0,1851700.0,,,,,,
SSB,2022-01-26,24500.0,24720.0,23670.0,24290.0,2597300.0,,,,,,
SSB,2022-01-27,24160.0,24160.0,23490.0,23920.0,1868000.0,,,,,,
SSB,2022-01-28,23890.0,24100.0,23360.0,24100.0,2306100.0,,,,,,
SSB,2022-02-07,24080.0,24140.0,23740.0,24100.0,1491800.0,,,,,,
SSB,2022-02-08,24010.0,24080.0,23000.0,23430.0,2174600.0,,,,,,
SSB,2022-02-09,23430.0,23950.0,22910.0,23560.0,2316500.0,,,,,,
SSB,2022-02-10,23610.0,23670.0,23060.0,23670.0,1873800.0,,,,,,
SSB,2022-02-11,23610.0,23610.0,23210.0,23460.0,1682400.0,,,,,,
SSB,2022-02-14,23310.0,23400.0,22450.0,22450.0,2070900.0,,,,,,
SSB,2022-02-15,22320.0,23060.0,21780.0,22820.0,1684900.0,,,,,,
SSB,2022-02-16,22940.0,23000.0,22510.0,22570.0,1671200.0,,,,,,
SSB,2022-02-17,22720.0,22940.0,22260.0,22260.0,1749400.0,,,,,,
SSB,2022-02-18,22260.0,22300.0,21530.0,22200.0,1850900.0,,,,,,
SSB,2022-02-21,22180.0,22300.0,21930.0,22260.0,1578100.0,,,,,,
SSB,2022-02-22,22180.0,22200.0,21780.0,22080.0,1514200.0,,,,,,
SSB,2022-02-23,22300.0,22350.0,21530.0,22350.0,2470400.0,,,,,,
SSB,2022-02-24,22320.0,22320.0,21620.0,22200.0,1656700.0,,,,,,
SSB,2022-02-25,22140.0,22260.0,22050.0,22260.0,1951000.0,,,,,,
SSB,2022-02-28,22260.0,22260.0,21470.0,21710.0,1641500.0,,,,,,
SSB,2022-03-01,21810.0,22720.0,21250.0,22630.0,2363400.0,,,,,,
SSB,2022-03-02,22690.0,23180.0,22080.0,23180.0,2107700.0,,,,,,
SSB,2022-03-03,22910.0,23210.0,22450.0,23210.0,1945800.0,,,,,,
SSB,2022-03-04,23090.0,23310.0,22690.0,23310.0,2497600.0,,,,,,
SSB,2022-03-07,23310.0,23340.0,22760.0,23180.0,1787200.0,,,,,,
SSB,2022-03-08,23090.0,23180.0,22840.0,23130.0,1994100.0,,,,,,
SSB,2022-03-09,23060.0,23130.0,22570.0,23000.0,1967100.0,,,,,,
SSB,2022-03-10,23030.0,23180.0,22720.0,23000.0,1989600.0,,,,,,
SSB,2022-03-11,22910.0,23000.0,22690.0,23000.0,1640800.0,,,,,,
SSB,2022-03-14,22970.0,22970.0,22660.0,22940.0,1666100.0,,,,,,
SSB,2022-03-15,22840.0,23000.0,22720.0,23000.0,1705300.0,,,,,,
SSB,2022-03-16,23000.0,23150.0,22760.0,23130.0,1772000.0,,,,,,
SSB,2022-03-17,23130.0,23180.0,22760.0,23180.0,1772500.0,,,,,,
SSB,2022-03-18,23210.0,23210.0,23030.0,23210.0,1525400.0,,,,,,
SSB,2022-03-21,23150.0,23280.0,22760.0,23210.0,1812000.0,,,,,,
SSB,2022-03-22,23150.0,23560.0,22870.0,23490.0,1925700.0,,,,,,
SSB,2022-03-23,23250.0,23490.0,23180.0,23430.0,1668100.0,,,,,,
SSB,2022-03-24,23280.0,23400.0,22910.0,23360.0,1654500.0,,,,,,
SSB,2022-03-25,23340.0,23460.0,22970.0,23360.0,1818000.0,,,,,,
SSB,2022-03-28,23340.0,23340.0,22760.0,23090.0,1901000.0,,,,,,
SSB,2022-03-29,23090.0,23090.0,22390.0,22390.0,2362400.0,,,,,,
SSB,2022-03-30,22390.0,23580.0,22320.0,23340.0,2563300.0,,,,,,
SSB,2022-03-31,23280.0,23460.0,23030.0,23340.0,2733800.0,,,,,,
SSB,2022-04-01,23210.0,23610.0,23030.0,23610.0,2517400.0,,,,,,
SSB,2022-04-04,23610.0,23670.0,23310.0,23650.0,2622900.0,,,,,,
SSB,2022-04-05,23610.0,23610.0,23340.0,23580.0,2567700.0,,,,,,
SSB,2022-04-06,23520.0,23580.0,23340.0,23580.0,1962800.0,,,,,,
SSB,2022-04-07,23580.0,23580.0,23280.0,23400.0,2743100.0,,,,,,
SSB,2022-04-08,23310.0,23340.0,22630.0,23180.0,2561800.0,,,,,,
SSB,2022-04-12,23150.0,23310.0,22450.0,23310.0,2092500.0,,,,,,
SSB,2022-04-13,23210.0,23340.0,23130.0,23340.0,2628300.0,,,,,,
SSB,2022-04-14,23310.0,23520.0,22940.0,23400.0,2506600.0,,,,,,
SSB,2022-04-15,23360.0,23360.0,23150.0,23310.0,2232600.0,,,,,,
SSB,2022-04-18,23310.0,23310.0,22690.0,23150.0,2373900.0,,,,,,
SSB,2022-04-19,23130.0,23180.0,23000.0,23090.0,1568100.0,,,,,,
SSB,2022-04-20,23090.0,23250.0,22910.0,23150.0,2131300.0,,,,,,
SSB,2022-04-21,23130.0,23310.0,23030.0,23280.0,2152900.0,,,,,,
SSB,2022-04-22,23310.0,23460.0,23060.0,23150.0,1985700.0,,,,,,
SSB,2022-04-25,23150.0,23150.0,21780.0,21780.0,1888400.0,,,,,,
SSB,2022-04-26,21830.0,22390.0,21190.0,22350.0,1919900.0,,,,,,
SSB,2022-04-27,22200.0,22720.0,22140.0,22720.0,1921900.0,,,,,,
SSB,2022-04-28,22760.0,22910.0,22570.0,22840.0,2046700.0,,,,,,
SSB,2022-04-29,22840.0,22870.0,22200.0,22540.0,2122200.0,,,,,,
SSB,2022-05-04,22570.0,22570.0,22050.0,22230.0,1708500.0,,,,,,
SSB,2022-05-05,22260.0,22320.0,21930.0,22200.0,1742000.0,,,,,,
SSB,2022-05-06,21500.0,21780.0,21220.0,21660.0,1626000.0,,,,,,
SSB,2022-05-09,21470.0,21530.0,20830.0,21160.0,1360900.0,,,,,,
SSB,2022-05-10,21040.0,22080.0,20550.0,22080.0,1349500.0,,,,,,
SSB,2022-05-11,22050.0,22080.0,21470.0,22080.0,1794600.0,,,,,,
SSB,2022-05-12,22020.0,22020.0,21350.0,21470.0,1866600.0,,,,,,
SSB,2022-05-13,21470.0,21660.0,20550.0,21250.0,1654600.0,,,,,,
SSB,2022-05-16,21440.0,21440.0,20920.0,21350.0,2204100.0,,,,,,
SSB,2022-05-17,21250.0,21470.0,20980.0,21350.0,1976300.0,,,,,,
SSB,2022-05-18,21400.0,21470.0,21160.0,21350.0,2171000.0,,,,,,
SSB,2022-05-19,21250.0,21310.0,20880.0,21220.0,1538900.0,,,,,,
SSB,2022-05-20,21250.0,21440.0,21140.0,21370.0,2006500.0,,,,,,
SSB,2022-05-23,21400.0,21470.0,21070.0,21160.0,1869800.0,,,,,,
SSB,2022-05-24,21290.0,21290.0,20850.0,20880.0,1786300.0,,,,,,
SSB,2022-05-25,20980.0,20980.0,20420.0,20880.0,2089500.0,,,,,,
SSB,2022-05-26,20920.0,21000.0,20610.0,21000.0,1940100.0,,,,,,
SSB,2022-05-27,20980.0,21220.0,20730.0,21220.0,2077400.0,,,,,,
SSB,2022-05-30,21090.0,21220.0,20880.0,21040.0,2614200.0,,,,,,
SSB,2022-05-31,20880.0,20940.0,20640.0,20730.0,2217400.0,,,,,,
SSB,2022-06-01,20730.0,20790.0,20550.0,20550.0,2002500.0,,,,,,
SSB,2022-06-02,20570.0,20760.0,20340.0,20730.0,2672500.0,,,,,,
SSB,2022-06-03,20730.0,20790.0,20570.0,20730.0,1673400.0,,,,,,
SSB,2022-06-06,20830.0,20830.0,20550.0,20710.0,1898500.0,,,,,,
SSB,2022-06-07,20640.0,20640.0,20030.0,20490.0,2023400.0,,,,,,
SSB,2022-06-08,20710.0,20760.0,20490.0,20730.0,2242300.0,,,,,,
SSB,2022-06-09,20830.0,20830.0,19360.0,20520.0,1794200.0,,,,,,
SSB,2022-06-10,20490.0,20520.0,20240.0,20300.0,1665400.0,,,,,,
SSB,2022-06-13,20150.0,20150.0,19380.0,19380.0,1947600.0,,,,,,
SSB,2022-06-14,19230.0,20240.0,18740.0,20240.0,2891900.0,,,,,,
SSB,2022-06-15,20190.0,20850.0,19410.0,20850.0,2526900.0,,,,,,
SSB,2022-06-16,21150.0,22000.0,20830.0,22000.0,1954400.0,,,,,,
SSB,2022-06-17,21850.0,21960.0,21220.0,21960.0,2014700.0,,,,,,
SSB,2022-06-20,21920.0,21960.0,21220.0,21960.0,2035800.0,,,,,,
SSB,2022-06-21,21920.0,21920.0,21300.0,21920.0,2046300.0,,,,,,
SSB,2022-06-22,21920.0,22620.0,21370.0,22510.0,2720500.0,,,,,,
SSB,2022-06-23,22510.0,22620.0,22320.0,22620.0,1676800.0,,,,,,
SSB,2022-06-24,22620.0,22840.0,22070.0,22840.0,2067000.0,,,,,,
SSB,2022-06-27,22730.0,23020.0,22620.0,22950.0,1279900.0,,,,,,
SSB,2022-06-28,22990.0,23310.0,22840.0,23020.0,1781900.0,,,,,,
SSB,2022-06-29,22950.0,23390.0,22690.0,23130.0,1722400.0,,,,,,
SSB,2022-06-30,23210.0,23280.0,23060.0,23130.0,1468000.0,,,,,,
SSB,2022-07-01,23210.0,23210.0,23020.0,23170.0,1715200.0,,,,,,
SSB,2022-07-04,23240.0,23240.0,22910.0,23170.0,1343700.0,,,,,,
SSB,2022-07-05,23240.0,23240.0,22990.0,23210.0,1657200.0,,,,,,
SSB,2022-07-06,23170.0,23210.0,22770.0,22990.0,1767700.0,,,,,,
SSB,2022-07-07,22770.0,23020.0,22540.0,22910.0,1181600.0,,,,,,
SSB,2022-07-08,22950.0,23210.0,22660.0,23210.0,1904600.0,,,,,,
SSB,2022-07-11,23240.0,23240.0,22950.0,23210.0,1343500.0,,,,,,
SSB,2022-07-12,23130.0,23430.0,23090.0,23430.0,1266400.0,,,,,,
SSB,2022-07-13,23430.0,23430.0,23130.0,23170.0,1864500.0,,,,,,
SSB,2022-07-14,23090.0,23130.0,22870.0,23060.0,1230600.0,,,,,,
SSB,2022-07-15,23090.0,23240.0,22990.0,23020.0,1603500.0,,,,,,
SSB,2022-07-18,23060.0,23280.0,22870.0,23280.0,1612000.0,,,,,,
SSB,2022-07-19,23280.0,23310.0,23060.0,23310.0,1323800.0,,,,,,
SSB,2022-07-20,23280.0,23430.0,23240.0,23430.0,1788100.0,,,,,,
SSB,2022-07-21,23390.0,23430.0,23210.0,23430.0,1554200.0,,,,,,
SSB,2022-07-22,23390.0,23500.0,23210.0,23390.0,1660400.0,,,,,,
SSB,2022-07-25,23310.0,23350.0,23090.0,23170.0,1526400.0,,,,,,
SSB,2022-07-26,23060.0,23240.0,22950.0,23240.0,1373400.0,,,,,,
SSB,2022-07-27,23210.0,23240.0,23090.0,23240.0,1729800.0,,,,,,
SSB,2022-07-28,22400.0,23280.0,22030.0,23280.0,2160800.0,,,,,,
SSB,2022-07-29,23280.0,23310.0,23020.0,23310.0,1515200.0,,,,,,
SSB,2022-08-01,23240.0,23390.0,23060.0,23390.0,1958600.0,,,,,,
SSB,2022-08-02,23240.0,23280.0,23020.0,23060.0,1486200.0,,,,,,
SSB,2022-08-03,23210.0,23280.0,23060.0,23280.0,1661500.0,,,,,,
SSB,2022-08-04,23240.0,23280.0,23090.0,23240.0,1997000.0,,,,,,
SSB,2022-08-05,23210.0,23240.0,23020.0,23090.0,1809400.0,,,,,,
SSB,2022-08-08,23130.0,23170.0,23020.0,23020.0,1852500.0,,,,,,
SSB,2022-08-09,23020.0,23060.0,22770.0,22870.0,1950700.0,,,,,,
SSB,2022-08-10,22870.0,22870.0,22620.0,22770.0,1839100.0,,,,,,
SSB,2022-08-11,22870.0,23060.0,22660.0,23060.0,2102500.0,,,,,,
SSB,2022-08-12,22950.0,23020.0,22800.0,22950.0,1773500.0,,,,,,
SSB,2022-08-15,23060.0,23060.0,22870.0,23060.0,1710000.0,,,,,,
SSB,2022-08-16,23020.0,23020.0,22840.0,23020.0,1678300.0,,,,,,
SSB,2022-08-17,22950.0,23060.0,22910.0,23060.0,1849200.0,,,,,,
SSB,2022-08-18,23060.0,23060.0,22840.0,22950.0,2069300.0,,,,,,
SSB,2022-08-19,22950.0,22950.0,22800.0,22870.0,1679800.0,,,,,,
SSB,2022-08-22,22910.0,23790.0,22800.0,23790.0,2008500.0,,,,,,
SSB,2022-08-23,23790.0,23790.0,23500.0,23790.0,1854400.0,,,,,,
SSB,2022-08-24,23790.0,23790.0,23680.0,23720.0,1735300.0,,,,,,
SSB,2022-08-25,23650.0,23720.0,23280.0,23720.0,1450200.0,,,,,,
SSB,2022-08-26,23680.0,23720.0,23430.0,23720.0,1774000.0,,,,,,
SSB,2022-08-29,23570.0,23570.0,23210.0,23570.0,1543700.0,,,,,,
SSB,2022-08-30,23530.0,23650.0,23060.0,23650.0,1097700.0,,,,,,
SSB,2022-08-31,23060.0,23610.0,22690.0,23610.0,2146600.0,,,,,,
SSB,2022-09-05,23500.0,23500.0,23060.0,23430.0,1158600.0,,,,,,
SSB,2022-09-06,23390.0,23460.0,23280.0,23430.0,1543100.0,,,,,,
SSB,2022-09-07,23390.0,23430.0,23130.0,23430.0,1611500.0,,,,,,
SSB,2022-09-08,23430.0,23430.0,23170.0,23390.0,1273500.0,,,,,,
SSB,2022-09-09,23390.0,23390.0,23170.0,23350.0,1419400.0,,,,,,
SSB,2022-09-12,23350.0,23350.0,23060.0,23060.0,1265500.0,,,,,,
SSB,2022-09-13,23090.0,23090.0,22840.0,23060.0,1291300.0,,,,,,
SSB,2022-09-14,23020.0,23020.0,22770.0,22990.0,1346700.0,,,,,,
SSB,2022-09-15,22990.0,23060.0,22800.0,23020.0,1445500.0,,,,,,
SSB,2022-09-16,22990.0,23060.0,22870.0,23060.0,1389700.0,,,,,,
SSB,2022-09-19,23060.0,23060.0,22840.0,22990.0,1444100.0,,,,,,
SSB,2022-09-20,22770.0,23090.0,22770.0,23060.0,1179700.0,,,,,,
SSB,2022-09-21,23060.0,23060.0,22950.0,22990.0,1119800.0,,,,,,
SSB,2022-09-22,22990.0,22990.0,22660.0,22910.0,1304600.0,,,,,,
SSB,2022-09-23,22730.0,22840.0,22580.0,22770.0,1115600.0,,,,,,
SSB,2022-09-26,22030.0,22690.0,22030.0,22320.0,1075900.0,,,,,,
SSB,2022-09-27,22140.0,22360.0,22140.0,22360.0,1316100.0,,,,,,
SSB,2022-09-28,22400.0,22400.0,22100.0,22360.0,1300000.0,,,,,,
SSB,2022-09-29,22360.0,22440.0,22250.0,22360.0,1160100.0,,,,,,
SSB,2022-09-30,22290.0,22400.0,22140.0,22400.0,1152000.0,,,,,,
SSB,2022-10-03,22400.0,22400.0,21740.0,21740.0,1122900.0,,,,,,
SSB,2022-10-04,22360.0,22360.0,21590.0,21590.0,1157100.0,,,,,,
SSB,2022-10-05,21590.0,21960.0,21590.0,21960.0,1161400.0,,,,,,
SSB,2022-10-06,22000.0,22100.0,21520.0,21810.0,1104500.0,,,,,,
SSB,2022-10-07,21810.0,21850.0,21150.0,21490.0,1052500.0,,,,,,
SSB,2022-10-10,21490.0,21520.0,21150.0,21270.0,924400.0,,,,,,
SSB,2022-10-11,21190.0,21270.0,20350.0,20420.0,777800.0,,,,,,
SSB,2022-10-12,20420.0,21850.0,20350.0,21700.0,1376900.0,,,,,,
SSB,2022-10-13,21920.0,21920.0,21370.0,21660.0,1112000.0,,,,,,
SSB,2022-10-14,21880.0,21880.0,21490.0,21700.0,1147800.0,,,,,,
SSB,2022-10-17,21850.0,21850.0,21190.0,21590.0,1142400.0,,,,,,
SSB,2022-10-18,21780.0,21810.0,21410.0,21590.0,1103000.0,,,,,,
SSB,2022-10-19,21590.0,21700.0,21410.0,21590.0,986200.0,,,,,,
SSB,2022-10-20,21590.0,21590.0,21410.0,21590.0,965600.0,,,,,,
SSB,2022-10-21,21440.0,21590.0,20710.0,21080.0,1030000.0,,,,,,
SSB,2022-10-24,21270.0,21270.0,20390.0,20860.0,855600.0,,,,,,
SSB,2022-10-25,21120.0,21220.0,20570.0,21220.0,998100.0,,,,,,
SSB,2022-10-26,21270.0,21560.0,21080.0,21220.0,752800.0,,,,,,
SSB,2022-10-27,21120.0,22690.0,20610.0,22690.0,1261500.0,,,,,,
SSB,2022-10-28,22690.0,22690.0,22220.0,22660.0,1230400.0,,,,,,
SSB,2022-10-31,22690.0,22690.0,22440.0,22660.0,979200.0,,,,,,
SSB,2022-11-01,22580.0,22690.0,22540.0,22690.0,1047300.0,,,,,,
SSB,2022-11-02,22660.0,22690.0,22440.0,22660.0,1005100.0,,,,,,
SSB,2022-11-03,22620.0,22660.0,22290.0,22290.0,1032000.0,,,,,,
SSB,2022-11-04,22290.0,22360.0,22140.0,22180.0,1042500.0,,,,,,
SSB,2022-11-07,22220.0,22290.0,21960.0,21960.0,1088200.0,,,,,,
SSB,2022-11-08,21960.0,22620.0,21740.0,22030.0,1043400.0,,,,,,
SSB,2022-11-09,22100.0,22400.0,21960.0,22030.0,1005000.0,,,,,,
SSB,2022-11-10,22030.0,22030.0,21300.0,21300.0,1187500.0,,,,,,
SSB,2022-11-11,21340.0,22000.0,21340.0,22000.0,1206700.0,,,,,,
SSB,2022-11-14,21960.0,21960.0,21340.0,21780.0,1124900.0,,,,,,
SSB,2022-11-15,21660.0,21810.0,21000.0,21440.0,952000.0,,,,,,
SSB,2022-11-16,21440.0,22000.0,21000.0,21810.0,1260900.0,,,,,,
SSB,2022-11-17,21880.0,22100.0,21810.0,22100.0,1137700.0,,,,,,
SSB,2022-11-18,22100.0,22140.0,21780.0,21960.0,1006000.0,,,,,,
SSB,2022-11-21,21960.0,22070.0,21700.0,21810.0,879500.0,,,,,,
SSB,2022-11-22,21850.0,22000.0,20310.0,21810.0,1269400.0,,,,,,
SSB,2022-11-23,21810.0,21880.0,21700.0,21700.0,947500.0,,,,,,
SSB,2022-11-24,21700.0,21740.0,21560.0,21630.0,940600.0,,,,,,
SSB,2022-11-25,21630.0,21810.0,21630.0,21810.0,1077900.0,,,,,,
SSB,2022-11-28,21850.0,22000.0,21810.0,22000.0,1394700.0,,,,,,
SSB,2022-11-29,22030.0,22070.0,21780.0,22030.0,1092000.0,,,,,,
SSB,2022-11-30,22030.0,22070.0,21850.0,22070.0,1240800.0,,,,,,
SSB,2022-12-01,22070.0,22180.0,22000.0,22180.0,1183700.0,,,,,,
SSB,2022-12-02,22180.0,22290.0,22070.0,22290.0,1444800.0,,,,,,
SSB,2022-12-05,22320.0,22470.0,22290.0,22470.0,1430100.0,,,,,,
SSB,2022-12-06,22510.0,22510.0,22250.0,22360.0,1417400.0,,,,,,
SSB,2022-12-07,22360.0,22400.0,22250.0,22400.0,1091900.0,,,,,,
SSB,2022-12-08,22400.0,22690.0,22400.0,22580.0,1276200.0,,,,,,
SSB,2022-12-09,22580.0,22620.0,22290.0,22510.0,1219900.0,,,,,,
SSB,2022-12-12,22510.0,22620.0,22320.0,22540.0,1222500.0,,,,,,
SSB,2022-12-13,22540.0,22690.0,22440.0,22690.0,1208000.0,,,,,,
SSB,2022-12-14,22690.0,22770.0,22580.0,22690.0,1184500.0,,,,,,
SSB,2022-12-15,22690.0,22840.0,22620.0,22770.0,1212100.0,,,,,,
SSB,2022-12-16,22770.0,22840.0,22620.0,22840.0,1197700.0,,,,,,
SSB,2022-12-19,22840.0,22990.0,22730.0,22910.0,1228100.0,,,,,,
SSB,2022-12-20,22910.0,22950.0,22540.0,22910.0,1341500.0,,,,,,
SSB,2022-12-21,22910.0,22990.0,22800.0,22990.0,1097800.0,,,,,,
SSB,2022-12-22,23020.0,23210.0,22950.0,23210.0,1231900.0,,,,,,
SSB,2022-12-23,23210.0,23280.0,23060.0,23240.0,767100.0,,,,,,
SSB,2022-12-26,23240.0,23310.0,22990.0,23170.0,877400.0,,,,,,
SSB,2022-12-27,23170.0,23240.0,23130.0,23210.0,1037600.0,,,,,,
SSB,2022-12-28,23430.0,23650.0,23210.0,23650.0,1042500.0,,,,,,
SSB,2022-12-29,23650.0,23790.0,23530.0,23750.0,953300.0,,,,,,
SSB,2022-12-30,23790.0,24090.0,23750.0,24090.0,1301500.0,,,,,,
SSB,2023-01-03,24120.0,24480.0,24090.0,24380.0,1011200.0,,,,,,
SSB,2023-01-04,24410.0,24560.0,24310.0,24530.0,1114600.0,,,,,,
SSB,2023-01-05,24560.0,24700.0,24450.0,24630.0,915000.0,,,,,,
SSB,2023-01-06,24630.0,24780.0,24530.0,24700.0,1102400.0,,,,,,
SSB,2023-01-09,24750.0,24850.0,24630.0,24700.0,1007100.0,,,,,,
SSB,2023-01-10,24700.0,24780.0,24530.0,24670.0,974500.0,,,,,,
SSB,2023-01-11,24670.0,24820.0,24600.0,24750.0,1129100.0,,,,,,
SSB,2023-01-12,24700.0,24700.0,24560.0,24700.0,947700.0,,,,,,
SSB,2023-01-13,24700.0,24820.0,24600.0,24700.0,1061200.0,,,,,,
SSB,2023-01-16,24750.0,24780.0,24560.0,24780.0,1010000.0,,,,,,
SSB,2023-01-17,24820.0,24890.0,24750.0,24780.0,1042400.0,,,,,,
SSB,2023-01-18,24780.0,24890.0,24700.0,24820.0,1117200.0,,,,,,
SSB,2023-01-19,24820.0,24890.0,24700.0,24850.0,1073700.0,,,,,,
SSB,2023-01-27,24890.0,25070.0,24850.0,24920.0,1099200.0,,,,,,
SSB,2023-01-30,24920.0,24960.0,24700.0,24780.0,1121600.0,,,,,,
SSB,2023-01-31,24780.0,24780.0,24600.0,24750.0,1231300.0,,,,,,
SSB,2023-02-01,24780.0,24850.0,24560.0,24560.0,1032000.0,,,,,,
SSB,2023-02-02,24560.0,24630.0,24410.0,24480.0,1002500.0,,,,,,
SSB,2023-02-03,24410.0,24480.0,23280.0,23280.0,1200000.0,,,,,,
SSB,2023-02-06,23350.0,23350.0,23130.0,23310.0,1005000.0,,,,,,
SSB,2023-02-07,23310.0,23430.0,23130.0,23390.0,1033800.0,,,,,,
SSB,2023-02-08,23390.0,23610.0,23310.0,23430.0,1024800.0,,,,,,
SSB,2023-02-09,23430.0,23570.0,23390.0,23430.0,1000800.0,,,,,,
SSB,2023-02-10,23460.0,23500.0,23310.0,23390.0,931300.0,,,,,,
SSB,2023-02-13,23390.0,23430.0,23210.0,23240.0,909300.0,,,,,,
SSB,2023-02-14,23210.0,23350.0,23130.0,23210.0,901300.0,,,,,,
SSB,2023-02-15,23210.0,23390.0,23210.0,23310.0,968400.0,,,,,,
SSB,2023-02-16,23350.0,23430.0,23280.0,23390.0,918300.0,,,,,,
SSB,2023-02-17,23390.0,23460.0,23280.0,23390.0,893900.0,,,,,,
SSB,2023-02-20,23390.0,23650.0,23390.0,23650.0,938300.0,,,,,,
SSB,2023-02-21,23650.0,23720.0,23530.0,23610.0,1018000.0,,,,,,
SSB,2023-02-22,23570.0,23610.0,23350.0,23350.0,964900.0,,,,,,
SSB,2023-02-23,23350.0,23390.0,23020.0,23280.0,1094700.0,,,,,,
SSB,2023-02-24,23310.0,23350.0,22840.0,23130.0,973100.0,,,,,,
SSB,2023-02-27,23130.0,23170.0,22840.0,23060.0,886900.0,,,,,,
SSB,2023-02-28,23090.0,23240.0,23060.0,23240.0,877100.0,,,,,,
SSB,2023-03-01,23240.0,23500.0,23090.0,23460.0,900500.0,,,,,,
SSB,2023-03-02,23460.0,23530.0,23310.0,23430.0,918300.0,,,,,,
SSB,2023-03-03,23430.0,23530.0,23130.0,23390.0,869300.0,,,,,,
SSB,2023-03-06,23430.0,23680.0,23430.0,23530.0,934700.0,,,,,,
SSB,2023-03-07,23530.0,23790.0,23530.0,23720.0,929500.0,,,,,,
SSB,2023-03-08,23650.0,23790.0,23460.0,23790.0,876700.0,,,,,,
SSB,2023-03-09,23830.0,23900.0,23570.0,23870.0,1013600.0,,,,,,
SSB,2023-03-10,23870.0,23870.0,23500.0,23720.0,990100.0,,,,,,
SSB,2023-03-13,23610.0,23720.0,23500.0,23720.0,945900.0,,,,,,
SSB,2023-03-14,23720.0,23720.0,23310.0,23650.0,971100.0,,,,,,
SSB,2023-03-15,23680.0,23830.0,23680.0,23830.0,905300.0,,,,,,
SSB,2023-03-16,23790.0,23830.0,23430.0,23570.0,916700.0,,,,,,
SSB,2023-03-17,23650.0,23720.0,23460.0,23610.0,891700.0,,,,,,
SSB,2023-03-20,23610.0,23610.0,23060.0,23500.0,953400.0,,,,,,
SSB,2023-03-21,23530.0,23610.0,22990.0,23530.0,982200.0,,,,,,
SSB,2023-03-22,23570.0,23610.0,23130.0,23530.0,921700.0,,,,,,
SSB,2023-03-23,23500.0,23530.0,23090.0,23430.0,832600.0,,,,,,
SSB,2023-03-24,23530.0,23570.0,23090.0,23240.0,628400.0,,,,,,
SSB,2023-03-27,23240.0,23240.0,22990.0,23170.0,733500.0,,,,,,
SSB,2023-03-28,23210.0,23210.0,22950.0,23090.0,718400.0,,,,,,
SSB,2023-03-29,23060.0,23090.0,22840.0,22870.0,664700.0,,,,,,
SSB,2023-03-30,22990.0,22990.0,22800.0,22950.0,788700.0,,,,,,
SSB,2023-03-31,23020.0,23060.0,22800.0,23020.0,754200.0,,,,,,
SSB,2023-04-03,23020.0,23090.0,22870.0,23060.0,825100.0,,,,,,
SSB,2023-04-04,23130.0,23170.0,22910.0,23090.0,780400.0,,,,,,
SSB,2023-04-05,23020.0,23020.0,22840.0,23020.0,846900.0,,,,,,
SSB,2023-04-06,23090.0,23090.0,22840.0,23060.0,974800.0,,,,,,
SSB,2023-04-07,22950.0,22950.0,22770.0,22800.0,494400.0,,,,,,
SSB,2023-04-10,22910.0,22990.0,22800.0,22870.0,741700.0,,,,,,
SSB,2023-04-11,22800.0,22950.0,22730.0,22840.0,707200.0,,,,,,
SSB,2023-04-12,22950.0,22950.0,22770.0,22870.0,691900.0,,,,,,
SSB,2023-04-13,22950.0,22950.0,22770.0,22840.0,706900.0,,,,,,
SSB,2023-04-14,22910.0,22950.0,22770.0,22870.0,768200.0,,,,,,
SSB,2023-04-17,22870.0,22950.0,22800.0,22910.0,698500.0,,,,,,
SSB,2023-04-18,22950.0,22950.0,22770.0,22910.0,753400.0,,,,,,
SSB,2023-04-19,22870.0,22910.0,22770.0,22870.0,707900.0,,,,,,
SSB,2023-04-20,22840.0,22840.0,22690.0,22800.0,685300.0,,,,,,
SSB,2023-04-21,22840.0,22870.0,22690.0,22770.0,776300.0,,,,,,
SSB,2023-04-24,22770.0,22800.0,22580.0,22730.0,690100.0,,,,,,
SSB,2023-04-25,22770.0,22770.0,22540.0,22580.0,528700.0,,,,,,
SSB,2023-04-26,22580.0,22580.0,22220.0,22290.0,501400.0,,,,,,
SSB,2023-04-27,22290.0,22400.0,22140.0,22250.0,682300.0,,,,,,
SSB,2023-04-28,22400.0,22580.0,22400.0,22540.0,706900.0,,,,,,
SSB,2023-05-04,23350.0,23350.0,22950.0,23240.0,513700.0,,,,,,
SSB,2023-05-05,23020.0,23060.0,22870.0,22990.0,494000.0,,,,,,
SSB,2023-05-08,23060.0,23170.0,23020.0,23020.0,532900.0,,,,,,
SSB,2023-05-09,23090.0,23240.0,23020.0,23060.0,594800.0,,,,,,
SSB,2023-05-10,23090.0,23130.0,23020.0,23020.0,406200.0,,,,,,
SSB,2023-05-11,22990.0,23020.0,22840.0,22950.0,498400.0,,,,,,
SSB,2023-05-12,22840.0,22840.0,22620.0,22690.0,522000.0,,,,,,
SSB,2023-05-15,22730.0,22840.0,22580.0,22620.0,441800.0,,,,,,
SSB,2023-05-16,22540.0,22580.0,22290.0,22290.0,456700.0,,,,,,
SSB,2023-05-17,22180.0,22220.0,22070.0,22070.0,481900.0,,,,,,
SSB,2023-05-18,22000.0,22000.0,21780.0,21850.0,541200.0,,,,,,
SSB,2023-05-19,22000.0,22000.0,21810.0,21880.0,484200.0,,,,,,
SSB,2023-05-22,21920.0,22030.0,21880.0,21960.0,449800.0,,,,,,
SSB,2023-05-23,22070.0,22140.0,21880.0,21960.0,490700.0,,,,,,
SSB,2023-05-24,22000.0,22030.0,21850.0,21880.0,488500.0,,,,,,
SSB,2023-05-25,21850.0,21920.0,21700.0,21880.0,620900.0,,,,,,
SSB,2023-05-26,21920.0,22030.0,21880.0,22000.0,580000.0,,,,,,
SSB,2023-05-29,22000.0,22250.0,22000.0,22100.0,511600.0,,,,,,
SSB,2023-05-30,22140.0,22180.0,21920.0,22100.0,546700.0,,,,,,
SSB,2023-05-31,22100.0,22220.0,22000.0,22220.0,537000.0,,,,,,
SSB,2023-06-01,22250.0,22400.0,22220.0,22360.0,611400.0,,,,,,
SSB,2023-06-02,22440.0,22910.0,22440.0,22910.0,591400.0,,,,,,
SSB,2023-06-05,22950.0,23130.0,22950.0,23060.0,498000.0,,,,,,
SSB,2023-06-06,23060.0,23170.0,22950.0,23090.0,608900.0,,,,,,
SSB,2023-06-07,23130.0,23170.0,22950.0,23130.0,531900.0,,,,,,
SSB,2023-06-08,23170.0,23210.0,22910.0,22990.0,525900.0,,,,,,
SSB,2023-06-09,22990.0,23060.0,22870.0,22950.0,693800.0,,,,,,
SSB,2023-06-12,22990.0,23130.0,22870.0,23090.0,444800.0,,,,,,
SSB,2023-06-13,23090.0,23430.0,23060.0,23060.0,599000.0,,,,,,
SSB,2023-06-14,23090.0,23210.0,22990.0,23060.0,564900.0,,,,,,
SSB,2023-06-15,22990.0,23090.0,22950.0,23060.0,738300.0,,,,,,
SSB,2023-06-16,23090.0,23130.0,22870.0,23020.0,631200.0,,,,,,
SSB,2023-06-19,23060.0,23130.0,22990.0,23020.0,608900.0,,,,,,
SSB,2023-06-20,23020.0,23090.0,22990.0,23060.0,715500.0,,,,,,
SSB,2023-06-21,23090.0,23240.0,23020.0,23240.0,648900.0,,,,,,
SSB,2023-06-22,23280.0,23390.0,23240.0,23350.0,708300.0,,,,,,
SSB,2023-06-23,23460.0,23900.0,23420.0,23900.0,997100.0,,,,,,
SSB,2023-06-26,23900.0,23940.0,23640.0,23900.0,758100.0,,,,,,
SSB,2023-06-27,23900.0,23940.0,23810.0,23940.0,738800.0,,,,,,
SSB,2023-06-28,23940.0,24030.0,23940.0,24030.0,666300.0,,,,,,
SSB,2023-06-29,24030.0,24120.0,23900.0,23900.0,779100.0,,,,,,
SSB,2023-06-30,23900.0,23940.0,23810.0,23810.0,601700.0,,,,,,
SSB,2023-07-03,23810.0,23900.0,23770.0,23810.0,724200.0,,,,,,
SSB,2023-07-04,23860.0,23900.0,23770.0,23860.0,693500.0,,,,,,
SSB,2023-07-05,23900.0,24030.0,23860.0,24030.0,582100.0,,,,,,
SSB,2023-07-06,24030.0,25180.0,24030.0,25180.0,615700.0,,,,,,
SSB,2023-07-07,25220.0,25220.0,25050.0,25220.0,674700.0,,,,,,
SSB,2023-07-10,25270.0,25310.0,25180.0,25310.0,877700.0,,,,,,
SSB,2023-07-11,25350.0,25530.0,25270.0,25440.0,932400.0,,,,,,
SSB,2023-07-12,25440.0,25530.0,25180.0,25270.0,562300.0,,,,,,
SSB,2023-07-13,25310.0,25490.0,25220.0,25490.0,892400.0,,,,,,
SSB,2023-07-14,25530.0,25570.0,25350.0,25530.0,666800.0,,,,,,
SSB,2023-07-17,25620.0,25620.0,25440.0,25620.0,639100.0,,,,,,
SSB,2023-07-18,25620.0,25790.0,25570.0,25790.0,882200.0,,,,,,
SSB,2023-07-19,25840.0,25880.0,25750.0,25790.0,642500.0,,,,,,
SSB,2023-07-20,25790.0,25930.0,25710.0,25790.0,706700.0,,,,,,
SSB,2023-07-21,25790.0,25930.0,25710.0,25790.0,866000.0,,,,,,
SSB,2023-07-24,25840.0,25970.0,25710.0,25880.0,819900.0,,,,,,
SSB,2023-07-25,25880.0,25970.0,25840.0,25970.0,1010500.0,,,,,,
SSB,2023-07-26,25970.0,26060.0,25930.0,26060.0,1035900.0,,,,,,
SSB,2023-07-27,26060.0,26150.0,25970.0,26100.0,837100.0,,,,,,
SSB,2023-07-28,26100.0,26190.0,25970.0,26150.0,1067700.0,,,,,,
SSB,2023-07-31,26190.0,26370.0,25660.0,25660.0,1397900.0,,,,,,
SSB,2023-08-01,25710.0,26370.0,25710.0,26370.0,1360600.0,,,,,,
SSB,2023-08-02,26320.0,26630.0,26280.0,26630.0,2962500.0,,,,,,
SSB,2023-08-03,26670.0,26720.0,26500.0,26630.0,1007800.0,,,,,,
SSB,2023-08-04,26670.0,27550.0,25530.0,25530.0,5277700.0,,,,,,
SSB,2023-08-07,25620.0,26630.0,25620.0,26630.0,1557500.0,,,,,,
SSB,2023-08-08,26410.0,26760.0,25880.0,26670.0,3616100.0,,,,,,
SSB,2023-08-09,26670.0,26810.0,25970.0,26410.0,1336700.0,,,,,,
SSB,2023-08-10,26450.0,26500.0,25790.0,26410.0,1210600.0,,,,,,
SSB,2023-08-11,26410.0,26760.0,26060.0,26760.0,2872700.0,,,,,,
SSB,2023-08-14,26810.0,26810.0,25220.0,26190.0,1056600.0,,,,,,
SSB,2023-08-15,25970.0,25970.0,25350.0,25970.0,937900.0,,,,,,
SSB,2023-08-16,25790.0,26010.0,25310.0,25970.0,1029300.0,,,,,,
SSB,2023-08-17,25350.0,25880.0,25350.0,25880.0,1255400.0,,,,,,
SSB,2023-08-18,25790.0,25790.0,24080.0,24160.0,1079800.0,,,,,,
SSB,2023-08-21,24250.0,24740.0,23420.0,23420.0,1041000.0,,,,,,
SSB,2023-08-22,23640.0,24820.0,23640.0,24820.0,1193500.0,,,,,,
SSB,2023-08-23,24910.0,24910.0,23110.0,24820.0,1232900.0,,,,,,
SSB,2023-08-24,24820.0,25050.0,23770.0,25050.0,1145300.0,,,,,,
SSB,2023-08-25,24380.0,25050.0,24080.0,24820.0,874200.0,,,,,,
SSB,2023-08-28,24820.0,24910.0,24160.0,24910.0,1119000.0,,,,,,
SSB,2023-08-29,24910.0,24960.0,24250.0,24960.0,1749800.0,,,,,,
SSB,2023-08-30,24960.0,25000.0,24340.0,24740.0,1416400.0,,,,,,
SSB,2023-08-31,24470.0,24820.0,24160.0,24740.0,1484200.0,,,,,,
SSB,2023-09-05,24740.0,24820.0,24210.0,24210.0,1408600.0,,,,,,
SSB,2023-09-06,24210.0,24520.0,23770.0,24470.0,1317100.0,,,,,,
SSB,2023-09-07,24300.0,24430.0,23990.0,24160.0,1525300.0,,,,,,
SSB,2023-09-08,24080.0,24430.0,24030.0,24210.0,1274600.0,,,,,,
SSB,2023-09-11,24250.0,24250.0,23680.0,23770.0,1577800.0,,,,,,
SSB,2023-09-12,23770.0,24210.0,23500.0,24080.0,1260400.0,,,,,,
SSB,2023-09-13,23940.0,23940.0,23420.0,23900.0,1634000.0,,,,,,
SSB,2023-09-14,23460.0,23900.0,23150.0,23150.0,1252600.0,,,,,,
SSB,2023-09-15,23200.0,23770.0,23200.0,23770.0,1225400.0,,,,,,
SSB,2023-09-18,23240.0,23770.0,23150.0,23590.0,1149800.0,,,,,,
SSB,2023-09-19,23550.0,23590.0,22930.0,23590.0,1159800.0,,,,,,
SSB,2023-09-20,23110.0,23550.0,23020.0,23330.0,1138500.0,,,,,,
SSB,2023-09-21,22980.0,23420.0,22980.0,23330.0,1567700.0,,,,,,
SSB,2023-09-22,22800.0,23240.0,22450.0,22450.0,1148300.0,,,,,,
SSB,2023-09-25,22450.0,22890.0,22320.0,22890.0,1223500.0,,,,,,
SSB,2023-09-26,22980.0,23460.0,22320.0,23060.0,1471300.0,,,,,,
SSB,2023-09-27,23110.0,23280.0,22490.0,23110.0,1173200.0,,,,,,
SSB,2023-09-28,22890.0,23150.0,21960.0,22010.0,1225400.0,,,,,,
SSB,2023-09-29,21880.0,22180.0,21830.0,22010.0,1031800.0,,,,,,
SSB,2023-10-02,22010.0,22140.0,21830.0,22010.0,939800.0,,,,,,
SSB,2023-10-03,21660.0,22050.0,21660.0,21920.0,1016800.0,,,,,,
SSB,2023-10-04,22010.0,22010.0,21520.0,21520.0,1065300.0,,,,,,
SSB,2023-10-05,21390.0,21660.0,21170.0,21570.0,898500.0,,,,,,
SSB,2023-10-06,21570.0,21700.0,21440.0,21570.0,1179700.0,,,,,,
SSB,2023-10-09,21610.0,21700.0,21170.0,21610.0,907000.0,,,,,,
SSB,2023-10-10,21660.0,21740.0,21520.0,21660.0,1005100.0,,,,,,
SSB,2023-10-11,21700.0,21790.0,21570.0,21790.0,825400.0,,,,,,
SSB,2023-10-12,21830.0,22010.0,21700.0,21790.0,1121100.0,,,,,,
SSB,2023-10-13,21660.0,21830.0,21220.0,21830.0,1132900.0,,,,,,
SSB,2023-10-16,21740.0,22010.0,21300.0,21830.0,809700.0,,,,,,
SSB,2023-10-17,21830.0,21920.0,21700.0,21790.0,877600.0,,,,,,
SSB,2023-10-18,21700.0,21880.0,21660.0,21740.0,1230500.0,,,,,,
SSB,2023-10-19,21740.0,21830.0,21300.0,21660.0,1154000.0,,,,,,
SSB,2023-10-20,21660.0,21920.0,21480.0,21520.0,1103200.0,,,,,,
SSB,2023-10-23,21610.0,21830.0,21610.0,21830.0,1417900.0,,,,,,
SSB,2023-10-24,21920.0,22710.0,21880.0,22710.0,1641200.0,,,,,,
SSB,2023-10-25,22760.0,22840.0,22620.0,22800.0,1120500.0,,,,,,
SSB,2023-10-26,22800.0,22800.0,22320.0,22450.0,1199500.0,,,,,,
SSB,2023-10-27,22490.0,22580.0,22230.0,22490.0,1194400.0,,,,,,
SSB,2023-10-30,22490.0,22540.0,22320.0,22320.0,1000000.0,,,,,,
SSB,2023-10-31,22180.0,22710.0,22140.0,22710.0,1085100.0,,,,,,
SSB,2023-11-01,22710.0,22890.0,22670.0,22800.0,1198400.0,,,,,,
SSB,2023-11-02,22800.0,22890.0,22670.0,22840.0,1030900.0,,,,,,
SSB,2023-11-03,22840.0,22890.0,21390.0,21390.0,2027400.0,,,,,,
SSB,2023-11-06,21740.0,22450.0,21740.0,22270.0,994000.0,,,,,,
SSB,2023-11-07,22010.0,22320.0,21440.0,21480.0,1441000.0,,,,,,
SSB,2023-11-08,21440.0,21960.0,21220.0,21960.0,1082700.0,,,,,,
SSB,2023-11-09,21960.0,21960.0,21570.0,21570.0,1259800.0,,,,,,
SSB,2023-11-10,21350.0,21610.0,20950.0,20950.0,1383800.0,,,,,,
SSB,2023-11-13,20290.0,20600.0,20200.0,20250.0,1514800.0,,,,,,
SSB,2023-11-14,20250.0,20690.0,20030.0,20380.0,1662400.0,,,,,,
SSB,2023-11-15,20380.0,20910.0,20380.0,20690.0,1457100.0,,,,,,
SSB,2023-11-16,20560.0,20690.0,20250.0,20640.0,1651000.0,,,,,,
SSB,2023-11-17,20690.0,20690.0,19850.0,20380.0,1590300.0,,,,,,
SSB,2023-11-20,20120.0,20380.0,19630.0,20380.0,2117700.0,,,,,,
SSB,2023-11-21,20250.0,20380.0,19850.0,20380.0,1517100.0,,,,,,
SSB,2023-11-22,20290.0,20340.0,19900.0,20340.0,1391000.0,,,,,,
SSB,2023-11-23,20030.0,20250.0,19940.0,20250.0,1351200.0,,,,,,
SSB,2023-11-24,20120.0,20340.0,19630.0,20340.0,2327700.0,,,,,,
SSB,2023-11-27,19900.0,20340.0,19900.0,20290.0,1412600.0,,,,,,
SSB,2023-11-28,19940.0,20290.0,19900.0,20290.0,1428200.0,,,,,,
SSB,2023-11-29,20250.0,20290.0,19940.0,20290.0,1618500.0,,,,,,
SSB,2023-11-30,20160.0,20250.0,19900.0,19900.0,1410900.0,,,,,,
SSB,2023-12-01,19760.0,20160.0,19720.0,19980.0,1137200.0,,,,,,
SSB,2023-12-04,19980.0,20070.0,19760.0,20030.0,1266300.0,,,,,,
SSB,2023-12-05,19980.0,20030.0,19810.0,19980.0,977500.0,,,,,,
SSB,2023-12-06,19940.0,19980.0,19850.0,19980.0,1103500.0,,,,,,
SSB,2023-12-07,19940.0,19980.0,19810.0,19980.0,1385600.0,,,,,,
SSB,2023-12-08,19980.0,19980.0,19810.0,19980.0,1420700.0,,,,,,
SSB,2023-12-11,19900.0,19980.0,19810.0,19940.0,1078600.0,,,,,,
SSB,2023-12-12,19940.0,19940.0,19810.0,19940.0,1165600.0,,,,,,
SSB,2023-12-13,19940.0,19980.0,19810.0,19900.0,1115100.0,,,,,,
SSB,2023-12-14,19900.0,19980.0,19810.0,19900.0,1034800.0,,,,,,
SSB,2023-12-15,19850.0,19900.0,19720.0,19900.0,1231700.0,,,,,,
SSB,2023-12-18,19900.0,19900.0,19720.0,19900.0,1082100.0,,,,,,
SSB,2023-12-19,19720.0,19900.0,19720.0,19900.0,1005100.0,,,,,,
SSB,2023-12-20,19720.0,19900.0,19720.0,19900.0,1025900.0,,,,,,
SSB,2023-12-21,19900.0,19900.0,19760.0,19900.0,1150900.0,,,,,,
SSB,2023-12-22,19900.0,19940.0,19720.0,19900.0,1245500.0,,,,,,
SSB,2023-12-25,19900.0,20030.0,19810.0,19940.0,1081900.0,,,,,,
SSB,2023-12-26,19940.0,20030.0,19850.0,19980.0,1004400.0,,,,,,
SSB,2023-12-27,19980.0,20030.0,19940.0,19940.0,1034800.0,,,,,,
SSB,2023-12-28,19940.0,21130.0,19850.0,20820.0,1320200.0,,,,,,
SSB,2023-12-29,20860.0,21080.0,20860.0,21040.0,1220100.0,,,,,,
SSB,2024-01-02,21040.0,21220.0,20420.0,21080.0,1282800.0,,,,,,
SSB,2024-01-03,21080.0,21080.0,20510.0,20510.0,1270700.0,,,,,,
SSB,2024-01-04,20560.0,21040.0,20290.0,20730.0,1177800.0,,,,,,
SSB,2024-01-05,20730.0,21040.0,20600.0,20780.0,1134200.0,,,,,,
SSB,2024-01-08,20780.0,20860.0,20510.0,20510.0,1050300.0,,,,,,
SSB,2024-01-09,20380.0,20690.0,20380.0,20640.0,1080500.0,,,,,,
SSB,2024-01-10,20640.0,20690.0,20380.0,20600.0,1268400.0,,,,,,
SSB,2024-01-11,20600.0,21040.0,20420.0,20780.0,1367300.0,,,,,,
SSB,2024-01-12,20780.0,20780.0,20470.0,20640.0,1200600.0,,,,,,
SSB,2024-01-15,20640.0,20640.0,20470.0,20510.0,1185300.0,,,,,,
SSB,2024-01-16,20290.0,20560.0,20070.0,20200.0,1124000.0,,,,,,
SSB,2024-01-17,20160.0,20380.0,20120.0,20290.0,1633400.0,,,,,,
SSB,2024-01-18,20340.0,20380.0,20160.0,20290.0,1982700.0,,,,,,
SSB,2024-01-19,20290.0,20380.0,20200.0,20340.0,1856600.0,,,,,,
SSB,2024-01-22,20380.0,20510.0,20290.0,20470.0,1726300.0,,,,,,
SSB,2024-01-23,20470.0,20510.0,20160.0,20340.0,1378700.0,,,,,,
SSB,2024-01-24,20290.0,20470.0,20070.0,20340.0,1390500.0,,,,,,
SSB,2024-01-25,20380.0,20380.0,20120.0,20340.0,1371000.0,,,,,,
SSB,2024-01-26,20160.0,20340.0,20160.0,20340.0,1452500.0,,,,,,
SSB,2024-01-29,20290.0,20340.0,20160.0,20250.0,1345200.0,,,,,,
SSB,2024-01-30,20160.0,20250.0,20070.0,20250.0,1383600.0,,,,,,
SSB,2024-01-31,20250.0,20340.0,19720.0,20160.0,1616400.0,,,,,,
SSB,2024-02-01,19980.0,20160.0,19810.0,20030.0,1354700.0,,,,,,
SSB,2024-02-02,19980.0,20070.0,19540.0,20030.0,2019900.0,,,,,,
SSB,2024-02-05,20030.0,20290.0,19680.0,20250.0,1574100.0,,,,,,
SSB,2024-02-06,20250.0,20340.0,20030.0,20250.0,1345800.0,,,,,,
SSB,2024-02-07,20200.0,20420.0,19980.0,20420.0,1475100.0,,,,,,
SSB,2024-02-15,20420.0,20510.0,20120.0,20470.0,1561000.0,,,,,,
SSB,2024-02-16,20510.0,20510.0,20250.0,20470.0,1300800.0,,,,,,
SSB,2024-02-19,20470.0,20510.0,20120.0,20290.0,1430300.0,,,,,,
SSB,2024-02-20,20340.0,20340.0,20030.0,20250.0,1495500.0,,,,,,
SSB,2024-02-21,20120.0,20290.0,19900.0,20200.0,1681000.0,,,,,,
SSB,2024-02-22,20200.0,20250.0,19940.0,20250.0,1391100.0,,,,,,
SSB,2024-02-23,20250.0,20420.0,20070.0,20250.0,1501700.0,,,,,,
SSB,2024-02-26,20070.0,20250.0,19980.0,20160.0,1290200.0,,,,,,
SSB,2024-02-27,20160.0,20160.0,19850.0,20160.0,1765200.0,,,,,,
SSB,2024-02-28,19940.0,20200.0,19900.0,20200.0,1603000.0,,,,,,
SSB,2024-02-29,20200.0,20250.0,19940.0,20160.0,1432900.0,,,,,,
SSB,2024-03-01,19980.0,20200.0,19940.0,20200.0,1385500.0,,,,,,
SSB,2024-03-04,20200.0,20250.0,19980.0,20120.0,1503400.0,,,,,,
SSB,2024-03-05,20120.0,20120.0,19940.0,20120.0,1450000.0,,,,,,
SSB,2024-03-06,19980.0,20120.0,19850.0,20030.0,1532000.0,,,,,,
SSB,2024-03-07,20030.0,20030.0,19850.0,20030.0,1442300.0,,,,,,
SSB,2024-03-08,20030.0,20070.0,19760.0,19980.0,1385400.0,,,,,,
SSB,2024-03-11,19940.0,19980.0,19590.0,19850.0,1764200.0,,,,,,
SSB,2024-03-12,19900.0,19900.0,19590.0,19850.0,1474600.0,,,,,,
SSB,2024-03-13,19850.0,19940.0,19630.0,19900.0,1415800.0,,,,,,
SSB,2024-03-14,19900.0,19940.0,19680.0,19900.0,1497900.0,,,,,,
SSB,2024-03-15,19900.0,19980.0,19680.0,19900.0,1549500.0,,,,,,
SSB,2024-03-18,19900.0,19940.0,19590.0,19760.0,1390700.0,,,,,,
SSB,2024-03-19,19630.0,19760.0,19460.0,19760.0,1463000.0,,,,,,
SSB,2024-03-20,19630.0,19850.0,19500.0,19850.0,1570600.0,,,,,,
SSB,2024-03-21,19900.0,19940.0,19630.0,19850.0,1327400.0,,,,,,
SSB,2024-03-22,19850.0,19900.0,19680.0,19680.0,1353300.0,,,,,,
SSB,2024-03-25,19540.0,19720.0,19460.0,19460.0,1428100.0,,,,,,
SSB,2024-03-26,19540.0,19680.0,19370.0,19630.0,1385400.0,,,,,,
SSB,2024-03-27,19410.0,19680.0,19370.0,19540.0,1430400.0,,,,,,
SSB,2024-03-28,19410.0,19540.0,19320.0,19540.0,1341100.0,,,,,,
SSB,2024-03-29,19320.0,19500.0,19320.0,19460.0,1373400.0,,,,,,
SSB,2024-04-01,19460.0,19500.0,19190.0,19460.0,1403100.0,,,,,,
SSB,2024-04-02,19190.0,19460.0,19100.0,19410.0,1350000.0,,,,,,
SSB,2024-04-03,19150.0,19410.0,19010.0,19370.0,2067000.0,,,,,,
SSB,2024-04-04,19410.0,19460.0,19150.0,19370.0,1371800.0,,,,,,
SSB,2024-04-05,19150.0,19370.0,19060.0,19320.0,1408600.0,,,,,,
SSB,2024-04-08,19150.0,19320.0,19010.0,19280.0,1447900.0,,,,,,
SSB,2024-04-09,19100.0,19280.0,19010.0,19280.0,1600200.0,,,,,,
SSB,2024-04-10,19280.0,19370.0,19060.0,19370.0,2010100.0,,,,,,
SSB,2024-04-11,19100.0,19410.0,19100.0,19410.0,2017000.0,,,,,,
SSB,2024-04-12,19460.0,19900.0,19370.0,19900.0,2563000.0,,,,,,
SSB,2024-04-15,19850.0,19900.0,19370.0,19680.0,2154300.0,,,,,,
SSB,2024-04-16,19720.0,19720.0,18310.0,19500.0,2586800.0,,,,,,
SSB,2024-04-17,19540.0,19900.0,19230.0,19540.0,2151900.0,,,,,,
SSB,2024-04-19,19540.0,19590.0,18930.0,19460.0,2113300.0,,,,,,
SSB,2024-04-22,19460.0,19630.0,19150.0,19500.0,2197000.0,,,,,,
SSB,2024-04-23,19280.0,19500.0,18930.0,19370.0,2202200.0,,,,,,
SSB,2024-04-24,19370.0,19500.0,19280.0,19460.0,2019500.0,,,,,,
SSB,2024-04-25,19410.0,19460.0,19010.0,19370.0,2171400.0,,,,,,
SSB,2024-04-26,19370.0,19370.0,18930.0,19370.0,2234700.0,,,,,,
SSB,2024-05-02,19370.0,19410.0,19060.0,19320.0,1786600.0,,,,,,
SSB,2024-05-03,19370.0,19370.0,19100.0,19280.0,1906500.0,,,,,,
SSB,2024-05-06,19280.0,19370.0,19100.0,19370.0,1884800.0,,,,,,
SSB,2024-05-07,19370.0,19410.0,19190.0,19410.0,1926100.0,,,,,,
SSB,2024-05-08,19410.0,19460.0,19150.0,19280.0,2727000.0,,,,,,
SSB,2024-05-09,19320.0,19370.0,19150.0,19320.0,1979600.0,,,,,,
SSB,2024-05-10,19320.0,19370.0,19100.0,19150.0,2040500.0,,,,,,
SSB,2024-05-13,19190.0,19230.0,19010.0,19150.0,1855700.0,,,,,,
SSB,2024-05-14,19190.0,19190.0,19010.0,19100.0,1292400.0,,,,,,
SSB,2024-05-15,19100.0,19150.0,18970.0,19150.0,1498900.0,,,,,,
SSB,2024-05-16,19150.0,19500.0,19010.0,19460.0,1895000.0,,,,,,
SSB,2024-05-17,19460.0,19460.0,19100.0,19370.0,1717000.0,,,,,,
SSB,2024-05-20,19370.0,19410.0,19190.0,19370.0,1771800.0,,,,,,
SSB,2024-05-21,19370.0,19370.0,19150.0,19320.0,1643200.0,,,,,,
SSB,2024-05-22,19320.0,19370.0,19100.0,19280.0,1707100.0,,,,,,
SSB,2024-05-23,19280.0,19320.0,19060.0,19320.0,1793000.0,,,,,,
SSB,2024-05-24,19320.0,19320.0,19010.0,19230.0,1869800.0,,,,,,
SSB,2024-05-27,19150.0,19230.0,19010.0,19060.0,1599200.0,,,,,,
SSB,2024-05-28,19060.0,19060.0,18840.0,19060.0,1794600.0,,,,,,
SSB,2024-05-29,19060.0,19060.0,18750.0,19010.0,1908900.0,,,,,,
SSB,2024-05-30,18840.0,18970.0,18750.0,18930.0,1810400.0,,,,,,
SSB,2024-05-31,18930.0,18930.0,18750.0,18930.0,1554800.0,,,,,,
SSB,2024-06-03,18930.0,19100.0,18840.0,19010.0,1535900.0,,,,,,
SSB,2024-06-04,19010.0,19010.0,18840.0,19010.0,1588500.0,,,,,,
SSB,2024-06-05,18880.0,19100.0,18880.0,19100.0,1514300.0,,,,,,
SSB,2024-06-06,19190.0,19190.0,18970.0,19100.0,1707800.0,,,,,,
SSB,2024-06-07,19060.0,19150.0,18930.0,19060.0,1625900.0,,,,,,
SSB,2024-06-10,19060.0,19100.0,18930.0,19060.0,1530600.0,,,,,,
SSB,2024-06-11,19060.0,19060.0,18790.0,18970.0,1541300.0,,,,,,
SSB,2024-06-12,18970.0,19010.0,18710.0,19010.0,1670200.0,,,,,,
SSB,2024-06-13,19010.0,19100.0,18970.0,19100.0,2331700.0,,,,,,
SSB,2024-06-14,19100.0,20070.0,19010.0,19370.0,3329800.0,,,,,,
SSB,2024-06-17,19590.0,20250.0,19410.0,19720.0,4299500.0,,,,,,
SSB,2024-06-18,19810.0,20340.0,19810.0,19980.0,4049200.0,,,,,,
SSB,2024-06-19,20070.0,20340.0,19980.0,20160.0,4467700.0,,,,,,
SSB,2024-06-20,20200.0,20690.0,20200.0,20470.0,4498200.0,,,,,,
SSB,2024-06-21,20640.0,21130.0,20600.0,20910.0,4238500.0,,,,,,
SSB,2024-06-24,21040.0,21080.0,19760.0,19900.0,5240400.0,,,,,,
SSB,2024-06-25,19900.0,19940.0,18620.0,18620.0,3715200.0,,,,,,
SSB,2024-06-26,18710.0,19320.0,18220.0,18620.0,3417600.0,,,,,,
SSB,2024-06-27,18660.0,18660.0,17610.0,18310.0,3590900.0,,,,,,
SSB,2024-06-28,18270.0,18310.0,17780.0,18310.0,3106500.0,,,,,,
SSB,2024-07-01,18310.0,18350.0,17960.0,18350.0,3335700.0,,,,,,
SSB,2024-07-02,18400.0,18400.0,18000.0,18400.0,3652200.0,,,,,,
SSB,2024-07-03,18350.0,18440.0,18090.0,18440.0,3008600.0,,,,,,
SSB,2024-07-04,18440.0,18490.0,18220.0,18400.0,2808500.0,,,,,,
SSB,2024-07-05,18400.0,18400.0,18220.0,18400.0,2556000.0,,,,,,
SSB,2024-07-08,18350.0,18400.0,18050.0,18350.0,2656400.0,,,,,,
SSB,2024-07-09,18130.0,18400.0,18090.0,18400.0,2912200.0,,,,,,
SSB,2024-07-10,18220.0,18440.0,18220.0,18400.0,2778300.0,,,,,,
SSB,2024-07-11,18350.0,18440.0,18310.0,18400.0,2678200.0,,,,,,
SSB,2024-07-12,18350.0,18440.0,18270.0,18310.0,2682600.0,,,,,,
SSB,2024-07-15,18310.0,18310.0,18130.0,18310.0,2564900.0,,,,,,
SSB,2024-07-16,18270.0,18400.0,18130.0,18310.0,2565300.0,,,,,,
SSB,2024-07-17,18350.0,18400.0,18180.0,18310.0,2663900.0,,,,,,
SSB,2024-07-18,18310.0,18490.0,18130.0,18490.0,2941600.0,,,,,,
SSB,2024-07-19,18440.0,18570.0,18310.0,18530.0,2690500.0,,,,,,
SSB,2024-07-22,18570.0,18660.0,18350.0,18620.0,2891000.0,,,,,,
SSB,2024-07-23,18660.0,18930.0,18530.0,18880.0,2703400.0,,,,,,
SSB,2024-07-24,18930.0,19370.0,18840.0,19320.0,2670500.0,,,,,,
SSB,2024-07-25,18620.0,19280.0,18620.0,19280.0,2473700.0,,,,,,
SSB,2024-07-26,19370.0,19370.0,19010.0,19320.0,2276500.0,,,,,,
SSB,2024-07-29,19320.0,19320.0,19060.0,19320.0,2376500.0,,,,,,
SSB,2024-07-30,19100.0,19320.0,19100.0,19280.0,2209700.0,,,,,,
SSB,2024-07-31,19280.0,19280.0,19010.0,19190.0,2533400.0,,,,,,
SSB,2024-08-01,19190.0,19630.0,19010.0,19320.0,2893400.0,,,,,,
SSB,2024-08-02,19320.0,19900.0,18840.0,19900.0,2979300.0,,,,,,
SSB,2024-08-05,19630.0,19630.0,18530.0,19280.0,2951100.0,,,,,,
SSB,2024-08-06,19460.0,19460.0,18970.0,19370.0,3062200.0,,,,,,
SSB,2024-08-07,19060.0,19370.0,19010.0,19010.0,2693400.0,,,,,,
SSB,2024-08-08,18660.0,19060.0,18660.0,19010.0,2521800.0,,,,,,
SSB,2024-08-09,19060.0,19100.0,18840.0,19100.0,2280100.0,,,,,,
SSB,2024-08-12,19010.0,19230.0,18970.0,19150.0,2237000.0,,,,,,
SSB,2024-08-13,19010.0,19230.0,18750.0,18750.0,2397400.0,,,,,,
SSB,2024-08-14,18970.0,19010.0,18880.0,19010.0,2116300.0,,,,,,
SSB,2024-08-15,19100.0,19100.0,18840.0,18970.0,2099200.0,,,,,,
SSB,2024-08-16,19010.0,19060.0,18840.0,19010.0,2739200.0,,,,,,
SSB,2024-08-19,19060.0,19060.0,18840.0,19010.0,2474200.0,,,,,,
SSB,2024-08-20,19010.0,19060.0,18930.0,19010.0,3006000.0,,,,,,
SSB,2024-08-21,18880.0,19060.0,18840.0,19060.0,2853400.0,,,,,,
SSB,2024-08-22,18970.0,19980.0,18970.0,19980.0,4991900.0,,,,,,
SSB,2024-08-23,19650.0,20450.0,19650.0,20000.0,2788900.0,,,,,,
SSB,2024-08-26,19800.0,19900.0,19700.0,19850.0,2721600.0,,,,,,
SSB,2024-08-27,19700.0,19850.0,19350.0,19400.0,2236900.0,,,,,,
SSB,2024-08-28,19450.0,19450.0,19100.0,19250.0,2382300.0,,,,,,
SSB,2024-08-29,19100.0,19250.0,19050.0,19150.0,2521600.0,,,,,,
SSB,2024-08-30,19350.0,19350.0,19000.0,19200.0,2269900.0,,,,,,
SSB,2024-09-04,18750.0,19200.0,18500.0,18500.0,2612000.0,,,,,,
SSB,2024-09-05,18500.0,18700.0,18400.0,18500.0,2495900.0,,,,,,
SSB,2024-09-06,18550.0,18550.0,18000.0,18000.0,1715300.0,,,,,,
SSB,2024-09-09,18000.0,18100.0,17750.0,18100.0,809600.0,,,,,,
SSB,2024-09-10,17900.0,18100.0,17000.0,17000.0,2494800.0,,,,,,
SSB,2024-09-11,17000.0,17500.0,16000.0,16000.0,2221300.0,,,,,,
SSB,2024-09-12,16100.0,16500.0,15050.0,15050.0,5282900.0,,,,,,
SSB,2024-09-13,15500.0,15700.0,15200.0,15250.0,2204100.0,,,,,,
SSB,2024-09-16,15400.0,15900.0,15200.0,15250.0,2986500.0,,,,,,
SSB,2024-09-17,15500.0,15700.0,15250.0,15450.0,1635400.0,,,,,,
SSB,2024-09-18,15600.0,15800.0,15600.0,15600.0,1747600.0,,,,,,
SSB,2024-09-19,16000.0,16650.0,15950.0,16650.0,2750200.0,,,,,,
SSB,2024-09-20,16850.0,17300.0,16450.0,16550.0,2707200.0,,,,,,
SSB,2024-09-23,16700.0,16700.0,15950.0,15950.0,2009000.0,,,,,,
SSB,2024-09-24,16000.0,16650.0,15900.0,16500.0,1049400.0,,,,,,
SSB,2024-09-25,17000.0,17000.0,16550.0,16650.0,1935700.0,,,,,,
SSB,2024-09-26,16650.0,17050.0,16650.0,17000.0,2563400.0,,,,,,
SSB,2024-09-27,17000.0,17150.0,16850.0,17000.0,1643800.0,,,,,,
SSB,2024-09-30,17000.0,17050.0,16850.0,17050.0,1546400.0,,,,,,
SSB,2024-10-01,17050.0,17550.0,17000.0,17450.0,2012200.0,,,,,,
SSB,2024-10-02,17300.0,17600.0,17200.0,17550.0,1753500.0,,,,,,
SSB,2024-10-03,17500.0,18000.0,17500.0,17800.0,2634500.0,,,,,,
SSB,2024-10-04,17800.0,17800.0,17450.0,17500.0,2103800.0,,,,,,
SSB,2024-10-07,17450.0,17500.0,17100.0,17100.0,1635800.0,,,,,,
SSB,2024-10-08,17100.0,17200.0,16950.0,17100.0,2261400.0,,,,,,
SSB,2024-10-09,17100.0,18000.0,16950.0,17500.0,2214700.0,,,,,,
SSB,2024-10-10,17600.0,17800.0,17500.0,17500.0,2135500.0,,,,,,
SSB,2024-10-11,17650.0,17700.0,17500.0,17600.0,1601800.0,,,,,,
SSB,2024-10-14,17750.0,17750.0,17400.0,17400.0,2022200.0,,,,,,
SSB,2024-10-15,17100.0,17600.0,17100.0,17400.0,1610900.0,,,,,,
SSB,2024-10-16,17000.0,17300.0,16700.0,16700.0,1669500.0,,,,,,
SSB,2024-10-17,16700.0,16800.0,16200.0,16750.0,2139900.0,,,,,,
SSB,2024-10-18,16750.0,17150.0,16700.0,16700.0,1700300.0,,,,,,
SSB,2024-10-21,16450.0,16750.0,16450.0,16700.0,2019800.0,,,,,,
SSB,2024-10-22,16650.0,16700.0,16450.0,16700.0,1849500.0,,,,,,
SSB,2024-10-23,16700.0,16700.0,16450.0,16650.0,1855300.0,,,,,,
SSB,2024-10-24,16600.0,16650.0,16400.0,16650.0,1717700.0,,,,,,
SSB,2024-10-25,16650.0,16650.0,16350.0,16650.0,1739600.0,,,,,,
SSB,2024-10-28,16400.0,16650.0,16400.0,16650.0,1894000.0,,,,,,
SSB,2024-10-29,16650.0,16700.0,16450.0,16600.0,1841000.0,,,,,,
SSB,2024-10-30,16500.0,16500.0,16250.0,16500.0,3265100.0,,,,,,
SSB,2024-10-31,16450.0,16550.0,16250.0,16550.0,1930400.0,,,,,,
SSB,2024-11-01,16350.0,16950.0,16350.0,16950.0,2696400.0,,,,,,
SSB,2024-11-04,16800.0,16800.0,16400.0,16700.0,2028700.0,,,,,,
SSB,2024-11-05,16600.0,16750.0,16350.0,16750.0,1757500.0,,,,,,
SSB,2024-11-06,16750.0,16950.0,16650.0,16900.0,1858600.0,,,,,,
SSB,2024-11-07,16900.0,17000.0,16650.0,16850.0,1616800.0,,,,,,
SSB,2024-11-08,16850.0,16900.0,16500.0,16750.0,1735000.0,,,,,,
SSB,2024-11-11,16750.0,16800.0,16400.0,16700.0,1706700.0,,,,,,
SSB,2024-11-12,16700.0,16700.0,16450.0,16650.0,1717000.0,,,,,,
SSB,2024-11-13,16400.0,16700.0,16350.0,16700.0,1860900.0,,,,,,
SSB,2024-11-14,16400.0,16750.0,16400.0,16750.0,1872500.0,,,,,,
SSB,2024-11-15,16700.0,16800.0,16550.0,16800.0,1783500.0,,,,,,
SSB,2024-11-18,16600.0,16850.0,16400.0,16850.0,3545400.0,,,,,,
SSB,2024-11-19,16550.0,17000.0,16500.0,16900.0,3297900.0,,,,,,
SSB,2024-11-20,16550.0,16900.0,16550.0,16900.0,1905200.0,,,,,,
SSB,2024-11-21,16700.0,16900.0,16550.0,16900.0,2243100.0,,,,,,
SSB,2024-11-22,16850.0,16900.0,16700.0,16900.0,1697400.0,,,,,,
SSB,2024-11-25,16850.0,16900.0,16700.0,16850.0,1972900.0,,,,,,
SSB,2024-11-26,16800.0,16900.0,16750.0,16900.0,1845000.0,,,,,,
SSB,2024-11-27,16750.0,16950.0,16750.0,16950.0,1939200.0,,,,,,
SSB,2024-11-28,17000.0,17100.0,16800.0,17000.0,1942700.0,,,,,,
SSB,2024-11-29,17000.0,17000.0,16800.0,17000.0,2162800.0,,,,,,
SSB,2024-12-02,17000.0,17050.0,16850.0,16950.0,1740600.0,,,,,,
SSB,2024-12-03,16950.0,17000.0,16750.0,17000.0,1829200.0,,,,,,
SSB,2024-12-04,16800.0,16950.0,16750.0,16950.0,1748200.0,,,,,,
SSB,2024-12-05,16950.0,17200.0,16800.0,17200.0,2301900.0,,,,,,
SSB,2024-12-06,17000.0,17600.0,17000.0,17250.0,1856600.0,,,,,,
SSB,2024-12-09,17100.0,17400.0,17000.0,17300.0,2470500.0,,,,,,
SSB,2024-12-10,17300.0,17450.0,17250.0,17350.0,2288800.0,,,,,,
SSB,2024-12-11,17350.0,17400.0,17100.0,17350.0,2086500.0,,,,,,
SSB,2024-12-12,17350.0,17400.0,17150.0,17400.0,1754100.0,,,,,,
SSB,2024-12-13,17250.0,17400.0,17100.0,17350.0,1793700.0,,,,,,
SSB,2024-12-16,17350.0,17350.0,17100.0,17300.0,1704900.0,,,,,,
SSB,2024-12-17,17250.0,17300.0,16950.0,17300.0,2372600.0,,,,,,
SSB,2024-12-18,17100.0,17250.0,17100.0,17250.0,1526600.0,,,,,,
SSB,2024-12-19,17050.0,17100.0,16500.0,16500.0,2264900.0,,,,,,
SSB,2024-12-20,16800.0,16900.0,16500.0,16700.0,1581500.0,,,,,,
SSB,2024-12-23,16650.0,16950.0,16600.0,16950.0,1748500.0,,,,,,
SSB,2024-12-24,16900.0,17050.0,16750.0,17050.0,1701000.0,,,,,,
SSB,2024-12-25,16850.0,17250.0,16850.0,17250.0,1924800.0,,,,,,
SSB,2024-12-26,17250.0,17300.0,16900.0,16900.0,1693500.0,,,,,,
SSB,2024-12-27,17050.0,17200.0,16900.0,16900.0,1741800.0,,,,,,
SSB,2024-12-30,16800.0,16950.0,16700.0,16700.0,1727400.0,,,,,,
SSB,2024-12-31,16850.0,16850.0,16600.0,16750.0,1631400.0,,,,,,
SSB,2025-01-02,16900.0,16900.0,16450.0,16750.0,1644600.0,,,,,,
SSB,2025-01-03,16750.0,16800.0,16500.0,16800.0,1760500.0,,,,,,
SSB,2025-01-06,16650.0,16750.0,16600.0,16750.0,1709400.0,,,,,,
SSB,2025-01-07,16750.0,16800.0,16550.0,16800.0,3200600.0,,,,,,
SSB,2025-01-08,16650.0,17100.0,16600.0,17100.0,2124100.0,,,,,,
SSB,2025-01-09,17300.0,17300.0,16900.0,17050.0,1946700.0,,,,,,
SSB,2025-01-10,17050.0,17400.0,16950.0,17400.0,2155900.0,,,,,,
SSB,2025-01-13,17050.0,17600.0,17050.0,17500.0,2534200.0,,,,,,
SSB,2025-01-14,17150.0,17450.0,17150.0,17450.0,1885900.0,,,,,,
SSB,2025-01-15,17250.0,17700.0,17100.0,17700.0,3355300.0,,,,,,
SSB,2025-01-16,17700.0,17800.0,17300.0,17800.0,2524600.0,,,,,,
SSB,2025-01-17,17600.0,17900.0,17600.0,17900.0,2076800.0,,,,,,
SSB,2025-01-20,17650.0,18000.0,17650.0,18000.0,1936100.0,,,,,,
SSB,2025-01-21,18000.0,18450.0,17950.0,18450.0,2690900.0,,,,,,
SSB,2025-01-22,18600.0,18750.0,18350.0,18750.0,1963400.0,,,,,,
SSB,2025-01-23,18750.0,18950.0,18600.0,18750.0,2134900.0,,,,,,
SSB,2025-01-24,18600.0,18800.0,18100.0,18750.0,2277800.0,,,,,,
SSB,2025-02-03,18300.0,18700.0,17600.0,18700.0,2092500.0,,,,,,
SSB,2025-02-04,18700.0,18800.0,18100.0,18800.0,1935400.0,,,,,,
SSB,2025-02-05,18550.0,18800.0,18500.0,18650.0,1994200.0,,,,,,
SSB,2025-02-06,18800.0,18800.0,18350.0,18650.0,2183600.0,,,,,,
SSB,2025-02-07,18200.0,18750.0,18200.0,18700.0,2242800.0,,,,,,
SSB,2025-02-10,18500.0,18700.0,18100.0,18700.0,2478900.0,,,,,,
SSB,2025-02-11,18650.0,18950.0,18450.0,18950.0,2694000.0,,,,,,
SSB,2025-02-12,18950.0,18950.0,18700.0,18950.0,2281200.0,,,,,,
SSB,2025-02-13,18900.0,19050.0,18650.0,19050.0,1660800.0,,,,,,
SSB,2025-02-14,19200.0,19500.0,19150.0,19500.0,2370900.0,,,,,,
SSB,2025-02-17,19350.0,19900.0,19250.0,19850.0,2083400.0,,,,,,
SSB,2025-02-18,19900.0,19900.0,19600.0,19750.0,1975300.0,,,,,,
SSB,2025-02-19,19600.0,19800.0,19500.0,19600.0,1772200.0,,,,,,
SSB,2025-02-20,19400.0,19750.0,19300.0,19600.0,2215100.0,,,,,,
SSB,2025-02-21,19500.0,19600.0,19300.0,19550.0,1843000.0,,,,,,
SSB,2025-02-24,19300.0,19650.0,19150.0,19650.0,2045600.0,,,,,,
SSB,2025-02-25,19650.0,19700.0,19400.0,19600.0,1774600.0,,,,,,
SSB,2025-02-26,19700.0,19700.0,19300.0,19300.0,1780700.0,,,,,,
SSB,2025-02-27,19300.0,19500.0,19050.0,19500.0,1773800.0,,,,,,
SSB,2025-02-28,19550.0,19550.0,19050.0,19400.0,2261100.0,,,,,,
SSB,2025-03-03,19400.0,19600.0,19100.0,19450.0,1711300.0,,,,,,
SSB,2025-03-04,19150.0,19450.0,19150.0,19450.0,1911600.0,,,,,,
SSB,2025-03-05,19450.0,19500.0,19300.0,19450.0,1802100.0,,,,,,
SSB,2025-03-06,19500.0,19750.0,19400.0,19450.0,1879100.0,,,,,,
SSB,2025-03-07,19450.0,19650.0,19300.0,19650.0,1792000.0,,,,,,
SSB,2025-03-10,19700.0,19850.0,19650.0,19800.0,1858800.0,,,,,,
SSB,2025-03-11,19800.0,19800.0,19450.0,19800.0,1855300.0,,,,,,
SSB,2025-03-12,19800.0,19900.0,19550.0,19850.0,1620700.0,,,,,,
SSB,2025-03-13,19850.0,19850.0,19550.0,19800.0,1847300.0,,,,,,
SSB,2025-03-14,19800.0,19800.0,19600.0,19800.0,1681100.0,,,,,,
SSB,2025-03-17,19900.0,19900.0,19650.0,19800.0,1791700.0,,,,,,
SSB,2025-03-18,19850.0,19850.0,19600.0,19700.0,1512100.0,,,,,,
SSB,2025-03-19,19700.0,19800.0,19550.0,19800.0,1732600.0,,,,,,
SSB,2025-03-20,19800.0,19850.0,19650.0,19850.0,2060900.0,,,,,,
SSB,2025-03-21,19800.0,19850.0,19550.0,19850.0,1985100.0,,,,,,
SSB,2025-03-24,19850.0,19850.0,19500.0,19750.0,2007000.0,,,,,,
SSB,2025-03-25,19800.0,19900.0,19500.0,19800.0,1989900.0,,,,,,
SSB,2025-03-26,19600.0,19850.0,19550.0,19550.0,1910700.0,,,,,,
SSB,2025-03-27,19800.0,19800.0,19400.0,19600.0,1795100.0,,,,,,
SSB,2025-03-28,19650.0,19700.0,19400.0,19700.0,1925500.0,,,,,,
SSB,2025-03-31,19700.0,19700.0,19350.0,19550.0,1833700.0,,,,,,
SSB,2025-04-01,19600.0,19600.0,19350.0,19550.0,1960400.0,,,,,,
SSB,2025-04-02,19600.0,19600.0,19200.0,19200.0,2059600.0,,,,,,
SSB,2025-04-03,19500.0,19500.0,18550.0,18700.0,1898600.0,,,,,,
SSB,2025-04-04,19800.0,19800.0,18850.0,19200.0,2660300.0,,,,,,
SSB,2025-04-08,19300.0,19300.0,18150.0,19000.0,1598700.0,,,,,,
SSB,2025-04-09,18900.0,19350.0,18100.0,19300.0,2471600.0,,,,,,
SSB,2025-04-10,20450.0,20650.0,20000.0,20650.0,2667000.0,,,,,,
SSB,2025-04-11,19550.0,20800.0,19550.0,20000.0,2330100.0,,,,,,
SSB,2025-04-14,19150.0,19950.0,19100.0,19150.0,2444100.0,,,,,,
SSB,2025-04-15,18600.0,19100.0,18100.0,18600.0,1968800.0,,,,,,
SSB,2025-04-16,18300.0,18700.0,18150.0,18700.0,1980400.0,,,,,,
SSB,2025-04-17,19100.0,19750.0,18900.0,19350.0,2852200.0,,,,,,
SSB,2025-04-18,19600.0,19600.0,19250.0,19350.0,1995600.0,,,,,,
SSB,2025-04-21,19300.0,19350.0,18800.0,19050.0,1827300.0,,,,,,
SSB,2025-04-22,18800.0,19200.0,18250.0,19200.0,2622300.0,,,,,,
SSB,2025-04-23,19850.0,19900.0,18500.0,18500.0,1961400.0,,,,,,
SSB,2025-04-24,18550.0,18900.0,18450.0,18600.0,2196800.0,,,,,,
SSB,2025-04-25,18700.0,18750.0,18100.0,18100.0,4411600.0,,,,,,
SSB,2025-04-28,18250.0,18700.0,18200.0,18600.0,1786900.0,,,,,,
SSB,2025-04-29,18700.0,18800.0,18400.0,18400.0,1740900.0,,,,,,
SSB,2025-05-05,18300.0,18450.0,18250.0,18450.0,1808600.0,,,,,,
SSB,2025-05-06,18450.0,18600.0,18250.0,18450.0,1711400.0,,,,,,
SSB,2025-05-07,18500.0,18550.0,18350.0,18550.0,1759000.0,,,,,,
SSB,2025-05-08,18450.0,18700.0,18400.0,18700.0,2035800.0,,,,,,
SSB,2025-05-09,18500.0,18800.0,18500.0,18700.0,1682700.0,,,,,,
SSB,2025-05-12,18750.0,19150.0,18600.0,19000.0,2485200.0,,,,,,
SSB,2025-05-13,19000.0,19050.0,18700.0,18700.0,2102300.0,,,,,,
SSB,2025-05-14,18600.0,18900.0,18600.0,18850.0,2399400.0,,,,,,
SSB,2025-05-15,18750.0,19500.0,18750.0,19400.0,2779900.0,,,,,,
SSB,2025-05-16,19250.0,19400.0,18950.0,19000.0,1978400.0,,,,,,
SSB,2025-05-19,19000.0,19000.0,18650.0,18800.0,1967900.0,,,,,,
SSB,2025-05-20,18600.0,18850.0,18500.0,18850.0,2086000.0,,,,,,
SSB,2025-05-21,18850.0,18850.0,18600.0,18700.0,2214000.0,,,,,,
SSB,2025-05-22,18600.0,18650.0,18500.0,18650.0,2079700.0,,,,,,
SSB,2025-05-23,18700.0,18800.0,18500.0,18650.0,1738500.0,,,,,,
SSB,2025-05-26,18550.0,18650.0,18250.0,18650.0,2406400.0,,,,,,
SSB,2025-05-27,18650.0,18650.0,18450.0,18450.0,1758800.0,,,,,,
SSB,2025-05-28,18450.0,18650.0,18450.0,18600.0,1998900.0,,,,,,
SSB,2025-05-29,18600.0,18600.0,18400.0,18400.0,1922700.0,,,,,,
SSB,2025-05-30,18400.0,18400.0,18250.0,18400.0,2367100.0,,,,,,
SSB,2025-06-02,18400.0,18550.0,18200.0,18500.0,2170100.0,,,,,,
SSB,2025-06-03,18500.0,18600.0,18300.0,18300.0,2281000.0,,,,,,
SSB,2025-06-04,18350.0,18450.0,18250.0,18250.0,2370800.0,,,,,,
SSB,2025-06-05,18350.0,18400.0,18100.0,18100.0,2249700.0,,,,,,
SSB,2025-06-06,18050.0,18250.0,18000.0,18200.0,1947500.0,,,,,,
SSB,2025-06-09,18100.0,18150.0,18000.0,18150.0,1993000.0,,,,,,
SSB,2025-06-10,18350.0,18350.0,18050.0,18100.0,2092800.0,,,,,,
SSB,2025-06-11,18050.0,18200.0,17950.0,18050.0,2170400.0,,,,,,
SSB,2025-06-12,18200.0,18200.0,17950.0,18150.0,2037000.0,,,,,,
SSB,2025-06-13,18100.0,18100.0,17700.0,17950.0,2316800.0,,,,,,
SSB,2025-06-16,18000.0,18000.0,17750.0,17950.0,2072400.0,,,,,,
SSB,2025-06-17,18000.0,18000.0,17750.0,17950.0,1958800.0,,,,,,
SSB,2025-06-18,17950.0,18000.0,17750.0,17950.0,1891600.0,,,,,,
SSB,2025-06-19,17750.0,18100.0,17750.0,18100.0,2225700.0,,,,,,
SSB,2025-06-20,18100.0,18150.0,18000.0,18150.0,2576500.0,,,,,,
SSB,2025-06-23,18100.0,18100.0,18000.0,18100.0,1808700.0,,,,,,
SSB,2025-06-24,18100.0,18150.0,17950.0,18100.0,2140500.0,,,,,,
SSB,2025-06-25,18100.0,18100.0,17900.0,18100.0,1935800.0,,,,,,
SSB,2025-06-26,17950.0,18150.0,17900.0,18150.0,2159200.0,,,,,,
SSB,2025-06-27,18150.0,18150.0,17950.0,18150.0,2028600.0,,,,,,
SSB,2025-06-30,18150.0,18150.0,18050.0,18150.0,1902200.0,,,,,,
SSB,2025-07-01,18150.0,18150.0,18000.0,18000.0,1931900.0,,,,,,
SSB,2025-07-02,18000.0,18150.0,18000.0,18150.0,2086600.0,,,,,,
SSB,2025-07-03,18150.0,18350.0,18050.0,18300.0,2136600.0,,,,,,
SSB,2025-07-04,18400.0,18500.0,18250.0,18500.0,2056400.0,,,,,,
SSB,2025-07-07,18500.0,18900.0,18500.0,18900.0,2645100.0,,,,,,
SSB,2025-07-08,18850.0,19000.0,18700.0,18900.0,2218100.0,,,,,,
SSB,2025-07-09,18900.0,19100.0,18850.0,19100.0,2517600.0,,,,,,
SSB,2025-07-10,19150.0,19200.0,19000.0,19200.0,2569300.0,,,,,,
SSB,2025-07-11,19250.0,19400.0,19050.0,19300.0,2510900.0,,,,,,
SSB,2025-07-14,19350.0,19350.0,19050.0,19250.0,2322900.0,,,,,,
SSB,2025-07-15,19300.0,19300.0,19100.0,19300.0,2193700.0,,,,,,
SSB,2025-07-16,19250.0,19400.0,19200.0,19400.0,2425800.0,,,,,,
SSB,2025-07-17,19500.0,20000.0,19300.0,20000.0,2829600.0,,,,,,
SSB,2025-07-18,19950.0,20000.0,19650.0,19800.0,2325700.0,,,,,,
SSB,2025-07-21,19800.0,19950.0,19600.0,19900.0,2555900.0,,,,,,
SSB,2025-07-22,20050.0,20050.0,19500.0,20000.0,3366200.0,,,,,,
SSB,2025-07-23,20000.0,20100.0,19750.0,19850.0,2397100.0,,,,,,
SSB,2025-07-24,19900.0,20100.0,19800.0,19950.0,1940700.0,,,,,,
SSB,2025-07-25,19950.0,20950.0,19950.0,20700.0,2938100.0,,,,,,
SSB,2025-07-28,20900.0,21150.0,20500.0,21100.0,3189100.0,,,,,,
SSB,2025-07-29,20700.0,21150.0,19900.0,19900.0,2382100.0,,,,,,
SSB,2025-07-30,19850.0,20250.0,19100.0,19250.0,2625600.0,,,,,,
SSB,2025-07-31,19550.0,20150.0,19500.0,19500.0,2878700.0,,,,,,
SSB,2025-08-01,20850.0,20850.0,19600.0,19600.0,4120500.0,,,,,,
SSB,2025-08-04,19850.0,20250.0,19150.0,20250.0,2964500.0,,,,,,
SSB,2025-08-05,20250.0,20850.0,19500.0,19600.0,4152900.0,,,,,,
SSB,2025-08-06,19800.0,20500.0,19700.0,20000.0,4508800.0,,,,,,
SSB,2025-08-07,20050.0,20200.0,19600.0,19800.0,4214700.0,,,,,,
SSB,2025-08-08,19900.0,20100.0,19800.0,20100.0,3829100.0,,,,,,
SSB,2025-08-11,20100.0,20600.0,20000.0,20500.0,5104900.0,,,,,,
SSB,2025-08-12,20500.0,20550.0,20100.0,20400.0,4137100.0,,,,,,
SSB,2025-08-13,20400.0,20450.0,19850.0,19950.0,4278200.0,,,,,,
SSB,2025-08-14,20250.0,20800.0,19950.0,20800.0,5193500.0,,,,,,
SSB,2025-08-15,21900.0,21900.0,20550.0,20650.0,5448200.0,,,,,,
SSB,2025-08-18,20700.0,20800.0,20250.0,20600.0,3329200.0,,,,,,
SSB,2025-08-19,20600.0,20800.0,20300.0,20700.0,3538700.0,,,,,,
SSB,2025-08-20,20700.0,21600.0,20400.0,21600.0,6438900.0,,,,,,
SSB,2025-08-21,21900.0,23100.0,21600.0,23100.0,4812800.0,,,,,,
SSB,2025-08-22,23100.0,23800.0,21900.0,22100.0,5135900.0,,,,,,
SSB,2025-08-25,22550.0,22550.0,20700.0,20750.0,4142400.0,,,,,,
SSB,2025-08-26,20700.0,21800.0,20200.0,21800.0,2771500.0,,,,,,
SSB,2025-08-27,21800.0,21850.0,21100.0,21400.0,3034400.0,,,,,,
SSB,2025-08-28,21300.0,21650.0,20800.0,21500.0,2658800.0,,,,,,
SSB,2025-08-29,21650.0,21800.0,21200.0,21400.0,2959500.0,,,,,,
SSB,2025-09-03,21100.0,21500.0,21050.0,21150.0,2673700.0,,,,,,
SSB,2025-09-04,21400.0,21650.0,21200.0,21650.0,2610700.0,,,,,,
SSB,2025-09-05,21650.0,21950.0,21000.0,21000.0,3371100.0,,,,,,
SSB,2025-09-08,21050.0,21150.0,19950.0,19950.0,3580400.0,,,,,,
SSB,2025-09-09,19950.0,20200.0,19600.0,19650.0,2869100.0,,,,,,
SSB,2025-09-10,19750.0,20100.0,19750.0,19950.0,2497400.0,,,,,,
SSB,2025-09-11,20000.0,20300.0,19200.0,20100.0,2716500.0,,,,,,
SSB,2025-09-12,20100.0,20250.0,19600.0,19650.0,2536500.0,,,,,,
SSB,2025-09-15,19900.0,19900.0,19600.0,19850.0,2671200.0,,,,,,
SSB,2025-09-16,20000.0,20100.0,19650.0,20000.0,3093100.0,,,,,,
SSB,2025-09-17,19950.0,20200.0,19800.0,20100.0,2913100.0,,,,,,
SSB,2025-09-18,20100.0,20150.0,19550.0,20000.0,2467200.0,,,,,,
SSB,2025-09-19,19950.0,20000.0,19600.0,19600.0,2227200.0,,,,,,
SSB,2025-09-22,19600.0,19850.0,19300.0,19300.0,4008900.0,,,,,,
SSB,2025-09-23,19350.0,19550.0,19200.0,19300.0,3914100.0,,,,,,
SSB,2025-09-24,19300.0,20000.0,19000.0,19500.0,2851600.0,,,,,,
SSB,2025-09-25,19550.0,19800.0,19450.0,19450.0,3513000.0,,,,,,
SSB,2025-09-26,19550.0,19600.0,19300.0,19500.0,2932100.0,,,,,,
SSB,2025-09-29,19500.0,19500.0,19050.0,19500.0,2517300.0,,,,,,
SSB,2025-09-30,19500.0,19500.0,19050.0,19300.0,2226500.0,,,,,,
SSB,2025-10-01,19300.0,19400.0,19100.0,19400.0,2442200.0,,,,,,
SSB,2025-10-02,19400.0,19450.0,19200.0,19300.0,2991600.0,,,,,,
SSB,2025-10-03,19350.0,19350.0,19000.0,19000.0,2246100.0,,,,,,
SSB,2025-10-06,19900.0,19900.0,19100.0,19700.0,2617500.0,,,,,,
SSB,2025-10-07,19700.0,19750.0,19200.0,19200.0,2272700.0,,,,,,
SSB,2025-10-08,19350.0,19450.0,19200.0,19200.0,3085500.0,,,,,,
SSB,2025-10-09,19150.0,19350.0,19050.0,19100.0,2535600.0,,,,,,
SSB,2025-10-10,19100.0,19450.0,19050.0,19450.0,2942500.0,,,,,,
SSB,2025-10-13,19200.0,19450.0,19000.0,19450.0,3553700.0,,,,,,
SSB,2025-10-14,19450.0,19450.0,19100.0,19400.0,2917500.0,,,,,,
SSB,2025-10-15,19200.0,19350.0,19000.0,19000.0,2606800.0,,,,,,
SSB,2025-10-16,19050.0,19150.0,18600.0,19000.0,3680100.0,,,,,,
SSB,2025-10-17,18950.0,18950.0,18450.0,18450.0,2762100.0,,,,,,
SSB,2025-10-20,18650.0,18800.0,17400.0,17400.0,3426900.0,,,,,,
SSB,2025-10-21,17900.0,18600.0,17450.0,18550.0,3554400.0,,,,,,
SSB,2025-10-22,18700.0,18700.0,17650.0,18250.0,2608400.0,,,,,,
SSB,2025-10-23,18400.0,18400.0,17800.0,18150.0,2610600.0,,,,,,
SSB,2025-10-24,18150.0,18150.0,17650.0,18000.0,2741100.0,,,,,,
SSB,2025-10-27,17950.0,17950.0,17550.0,17550.0,2726800.0,,,,,,
SSB,2025-10-28,17600.0,17750.0,17050.0,17750.0,2472300.0,,,,,,
SSB,2025-10-29,17750.0,17950.0,17400.0,17950.0,3224700.0,,,,,,
SSB,2025-10-30,17950.0,17950.0,17550.0,17900.0,2596100.0,,,,,,
SSB,2025-10-31,17800.0,17900.0,17450.0,17700.0,4153600.0,,,,,,
SSB,2025-11-03,17700.0,17750.0,17300.0,17750.0,2881500.0,,,,,,
SSB,2025-11-04,17400.0,17800.0,17200.0,17800.0,3181700.0,,,,,,
SSB,2025-11-05,17700.0,17750.0,17350.0,17500.0,2439000.0,,,,,,
SSB,2025-11-06,17350.0,17500.0,17200.0,17450.0,2484600.0,,,,,,
SSB,2025-11-07,17200.0,17350.0,16900.0,17200.0,2922400.0,,,,,,
SSB,2025-11-10,17250.0,17250.0,16850.0,16850.0,2662400.0,,,,,,
SSB,2025-11-11,16900.0,16900.0,16600.0,16600.0,2890700.0,,,,,,
SSB,2025-11-12,16650.0,17200.0,16600.0,17150.0,3631700.0,,,,,,
SSB,2025-11-13,17000.0,17250.0,16900.0,17150.0,3530100.0,,,,,,
SSB,2025-11-14,17050.0,17100.0,16900.0,17000.0,3215900.0,,,,,,
SSB,2025-11-17,17000.0,17450.0,16900.0,17450.0,3402100.0,,,,,,
SSB,2025-11-18,17450.0,17450.0,17050.0,17350.0,3411700.0,,,,,,
SSB,2025-11-19,17350.0,17350.0,17000.0,17200.0,3170900.0,,,,,,
SSB,2025-11-20,17150.0,17200.0,17000.0,17000.0,3061400.0,,,,,,
SSB,2025-11-21,16800.0,17150.0,16800.0,17150.0,2856900.0,,,,,,
SSB,2025-11-24,17100.0,17400.0,16950.0,17400.0,2411300.0,,,,,,
SSB,2025-11-25,17200.0,17300.0,16900.0,17100.0,2522200.0,,,,,,
SSB,2025-11-26,17050.0,17250.0,17000.0,17250.0,3297200.0,,,,,,
SSB,2025-11-27,17300.0,17450.0,17150.0,17350.0,2879200.0,,,,,,
SSB,2025-11-28,17200.0,17350.0,17100.0,17300.0,2727500.0,,,,,,
SSB,2025-12-01,17300.0,17300.0,17050.0,17200.0,2656000.0,,,,,,
SSB,2025-12-02,17200.0,17250.0,17050.0,17250.0,2774500.0,,,,,,
SSB,2025-12-03,17300.0,17750.0,17250.0,17750.0,3152900.0,,,,,,
SSB,2025-12-04,17800.0,17800.0,17500.0,17700.0,2560600.0,,,,,,
SSB,2025-12-05,17700.0,17700.0,17350.0,17700.0,2918800.0,,,,,,
SSB,2025-12-08,17350.0,17600.0,17350.0,17550.0,2404700.0,,,,,,
SSB,2025-12-09,17400.0,17500.0,17100.0,17400.0,2738100.0,,,,,,
SSB,2025-12-10,17300.0,17550.0,17200.0,17450.0,2436500.0,,,,,,
SSB,2025-12-11,17500.0,17500.0,17200.0,17450.0,2337400.0,,,,,,
SSB,2025-12-12,17450.0,17450.0,17000.0,17300.0,2485800.0,,,,,,
SSB,2025-12-15,17250.0,17250.0,17000.0,17200.0,2725400.0,,,,,,
SSB,2025-12-16,17200.0,17550.0,17050.0,17550.0,2453500.0,,,,,,
SSB,2025-12-17,17450.0,17500.0,17200.0,17450.0,2422900.0,,,,,,
SSB,2025-12-18,17400.0,17450.0,17100.0,17450.0,3120600.0,,,,,,
SSB,2025-12-19,17450.0,17500.0,17300.0,17500.0,2247700.0,,,,,,
SSB,2025-12-22,17500.0,17750.0,17350.0,17750.0,2158300.0,,,,,,
SSB,2025-12-23,17700.0,17700.0,17400.0,17500.0,2662000.0,,,,,,
SSB,2025-12-24,17600.0,17600.0,17200.0,17500.0,2308400.0,,,,,,
SSB,2025-12-25,17300.0,17500.0,17200.0,17350.0,2046100.0,,,,,,
SSB,2025-12-26,17400.0,17400.0,17100.0,17300.0,2094200.0,,,,,,
SSB,2025-12-29,17150.0,17300.0,17100.0,17300.0,1789700.0,,,,,,
SSB,2025-12-30,17300.0,17300.0,17100.0,17200.0,1789000.0,,,,,,
SSB,2025-12-31,17250.0,17450.0,17050.0,17450.0,2414500.0,,,,,,
,2026-01-05,17400.0,17400.0,17050.0,17200.0,2068200.0,,,,,,
,2026-01-06,17250.0,17300.0,17000.0,17300.0,2070200.0,,,,,,
,2026-01-07,17300.0,17350.0,17150.0,17350.0,2370600.0,,,,,,
,2026-01-08,17350.0,17500.0,17200.0,17400.0,2679300.0,,,,,,
,2026-01-09,17400.0,17450.0,17250.0,17350.0,2096900.0,,,,,,
,2026-01-12,17400.0,17750.0,17300.0,17750.0,2809700.0,,,,,,
,2026-01-13,17800.0,17800.0,17500.0,17700.0,2656400.0,,,,,,
,2026-01-14,17700.0,17950.0,17550.0,17900.0,3407100.0,,,,,,
,2026-01-15,17900.0,17950.0,17650.0,17950.0,2163500.0,,,,,,
,2026-01-16,17950.0,18000.0,17800.0,18000.0,1922600.0,,,,,,
,2026-01-19,18000.0,18000.0,17800.0,18000.0,2356200.0,,,,,,
,2026-01-20,17950.0,17950.0,17650.0,17700.0,2623600.0,,,,,,
,2026-01-21,17650.0,17650.0,17250.0,17400.0,2311100.0,,,,,,
,2026-01-22,17300.0,17700.0,17300.0,17700.0,1974100.0,,,,,,
,2026-01-23,17550.0,17700.0,17400.0,17650.0,1993100.0,,,,,,
,2026-01-26,17600.0,17600.0,17200.0,17350.0,1968900.0,,,,,,
,2026-01-27,17350.0,17500.0,17200.0,17450.0,1800800.0,,,,,,
,2026-01-28,17500.0,17550.0,17250.0,17450.0,1848500.0,,,,,,
,2026-01-29,17450.0,17450.0,17250.0,17450.0,1856000.0,,,,,,
,2026-01-30,17400.0,17500.0,17150.0,17150.0,2376700.0,,,,,,
,2026-02-02,17050.0,17150.0,16750.0,17150.0,2938100.0,,,,,,
,2026-02-03,17050.0,17150.0,16850.0,17000.0,2106100.0,,,,,,
,2026-02-04,17000.0,17000.0,16850.0,17000.0,2104600.0,,,,,,
,2026-02-05,16950.0,17000.0,16800.0,16800.0,2233600.0,,,,,,
,2026-02-06,16800.0,16800.0,16550.0,16800.0,2245700.0,,,,,,
,2026-02-09,16700.0,16800.0,16550.0,16750.0,2211700.0,,,,,,
,2026-02-10,16700.0,16750.0,16500.0,16750.0,2014100.0,,,,,,
,2026-02-11,16700.0,17000.0,16600.0,17000.0,2253800.0,,,,,,
,2026-02-12,17000.0,17000.0,16650.0,16950.0,2132500.0,,,,,,
,2026-02-13,16900.0,17000.0,16750.0,17000.0,2280700.0,,,,,,
,2026-02-23,17150.0,17150.0,16950.0,17100.0,1608100.0,,,,,,
,2026-02-24,17000.0,17050.0,16900.0,17000.0,2218700.0,,,,,,
,2026-02-25,16900.0,17000.0,16800.0,16950.0,2121400.0,,,,,,
,2026-02-26,16950.0,17000.0,16750.0,17000.0,2113700.0,,,,,,
,2026-02-27,16950.0,17000.0,16750.0,16900.0,1992800.0,,,,,,
,2026-03-02,16600.0,16800.0,16550.0,16800.0,2260000.0,,,,,,
,2026-03-03,16800.0,16800.0,16500.0,16750.0,1925800.0,,,,,,
,2026-03-04,16550.0,16800.0,16400.0,16800.0,2359000.0,,,,,,
,2026-03-05,16600.0,17000.0,16500.0,17000.0,2783600.0,,,,,,
,2026-03-06,17692.92,17868.99,17461.89,17798.73,3150045.0,,,,,,
,2026-03-09,17779.27,17841.34,17698.02,17737.74,2522910.0,,,,,,
,2026-03-10,17743.6,17974.78,17714.86,17788.1,3188015.0,,,,,,
,2026-03-11,17665.04,17720.36,17502.6,17586.56,2792310.0,,,,,,
,2026-03-12,17555.77,17583.99,17419.61,17440.91,1871815.0,,,,,,
,2026-03-16,16550.0,16550.0,16350.0,16550.0,19705050.0,,,,,,
,2026-03-17,16550.0,16650.0,16550.0,16650.0,17952560.0,,,,,,
,2026-03-18,16700.0,16800.0,16600.0,16800.0,26329330.0,,,,,,
,2026-03-19,16650.0,17000.0,16600.0,16950.0,2878579.0,,,,,,
,2026-03-20,16950.0,16950.0,16750.0,16750.0,1726884.0,,,,,,
,,,,,,,2026-03-20,16950.0,16950.0,16750.0,16800.0,724003.0
